== vae_miniwan_womd: miniwan, 5.60M params, world 4, per-rank batch 6 x accum 1 = effective 24; 1666 steps/epoch, 83300 steps total
{"VAE_ZDIM": 16, "VAE_DIM": 20, "VAE_NUM_RES_BLOCKS": 2, "VAE_INPUT_NORM": true, "INPUT_NORM_MEAN": [0.6014379089315451, 0.6051588518894708, 0.6036423582790911], "INPUT_NORM_STD": [0.08911796400949443, 0.08588843954384612, 0.1257365217955014], "VAE_DROPOUT": 0.1, "VAE_STREAMING": false, "FRAMES": 33, "IMG": 96, "FPS": 7, "DATASET": "womd_7hz_f33", "INIT": "miniwan", "EPOCHS": 50, "EFFECTIVE_BATCH": 24, "VAE_LR": 0.0002, "VAE_LR_END": 1e-06, "WARMUP_FRAC": 0.1, "VAE_WD": 1e-05, "KL_W": 0.0003, "KL_WARM_FRAC": 0.1, "VAE_LPIPS_W": 0.05, "VAE_LPIPS_NET": "alex", "GRAD_CLIP": 1.0, "PRECISION": "bf16", "SEED": 0}
[vae_miniwan_womd] ep   0 (init) val PSNR 5.142 LPIPS 0.8628 MSE 0.306638
  step 1 (1/1666 this epoch) | 5956 ms/step | ~165 min left in epoch | rec 0.50486 lpips 0.9806 lr 2.40e-08
  step 100 (100/1666 this epoch) | 538 ms/step | ~14 min left in epoch | rec 0.37806 lpips 0.9518 lr 2.40e-06
  step 200 (200/1666 this epoch) | 511 ms/step | ~12 min left in epoch | rec 0.22349 lpips 0.8889 lr 4.80e-06
  step 300 (300/1666 this epoch) | 503 ms/step | ~11 min left in epoch | rec 0.15698 lpips 0.8254 lr 7.20e-06
  step 400 (400/1666 this epoch) | 500 ms/step | ~11 min left in epoch | rec 0.12236 lpips 0.7795 lr 9.60e-06
  step 500 (500/1666 this epoch) | 498 ms/step | ~10 min left in epoch | rec 0.10077 lpips 0.7412 lr 1.20e-05
  step 600 (600/1666 this epoch) | 496 ms/step | ~9 min left in epoch | rec 0.08577 lpips 0.7048 lr 1.44e-05
  step 700 (700/1666 this epoch) | 495 ms/step | ~8 min left in epoch | rec 0.07478 lpips 0.6596 lr 1.68e-05
  step 800 (800/1666 this epoch) | 494 ms/step | ~7 min left in epoch | rec 0.06633 lpips 0.6165 lr 1.92e-05
  step 900 (900/1666 this epoch) | 494 ms/step | ~6 min left in epoch | rec 0.05967 lpips 0.5808 lr 2.16e-05
  step 1000 (1000/1666 this epoch) | 493 ms/step | ~5 min left in epoch | rec 0.05429 lpips 0.5503 lr 2.40e-05
  step 1100 (1100/1666 this epoch) | 493 ms/step | ~5 min left in epoch | rec 0.04986 lpips 0.5243 lr 2.64e-05
  step 1200 (1200/1666 this epoch) | 493 ms/step | ~4 min left in epoch | rec 0.04616 lpips 0.5018 lr 2.88e-05
  step 1300 (1300/1666 this epoch) | 492 ms/step | ~3 min left in epoch | rec 0.04300 lpips 0.4819 lr 3.12e-05
  step 1400 (1400/1666 this epoch) | 492 ms/step | ~2 min left in epoch | rec 0.04028 lpips 0.4642 lr 3.36e-05
  step 1500 (1500/1666 this epoch) | 492 ms/step | ~1 min left in epoch | rec 0.03791 lpips 0.4479 lr 3.60e-05
  step 1600 (1600/1666 this epoch) | 492 ms/step | ~1 min left in epoch | rec 0.03583 lpips 0.4328 lr 3.84e-05
[vae_miniwan_womd] ep   1/50 train rec 0.034596 LPIPS 0.4234 KL 0.603 (819s) | val PSNR 24.030 LPIPS 0.2694 MSE 0.004252  *best*
  step 1700 (34/1666 this epoch) | 491 ms/step | ~13 min left in epoch | rec 0.00444 lpips 0.1847 lr 4.08e-05
  step 1800 (134/1666 this epoch) | 489 ms/step | ~12 min left in epoch | rec 0.00439 lpips 0.1839 lr 4.32e-05
  step 1900 (234/1666 this epoch) | 489 ms/step | ~12 min left in epoch | rec 0.00433 lpips 0.1795 lr 4.56e-05
  step 2000 (334/1666 this epoch) | 490 ms/step | ~11 min left in epoch | rec 0.00428 lpips 0.1748 lr 4.80e-05
  step 2100 (434/1666 this epoch) | 489 ms/step | ~10 min left in epoch | rec 0.00421 lpips 0.1700 lr 5.04e-05
  step 2200 (534/1666 this epoch) | 490 ms/step | ~9 min left in epoch | rec 0.00418 lpips 0.1660 lr 5.28e-05
  step 2300 (634/1666 this epoch) | 489 ms/step | ~8 min left in epoch | rec 0.00411 lpips 0.1615 lr 5.52e-05
  step 2400 (734/1666 this epoch) | 489 ms/step | ~8 min left in epoch | rec 0.00406 lpips 0.1576 lr 5.76e-05
  step 2500 (834/1666 this epoch) | 489 ms/step | ~7 min left in epoch | rec 0.00399 lpips 0.1539 lr 6.00e-05
  step 2600 (934/1666 this epoch) | 489 ms/step | ~6 min left in epoch | rec 0.00394 lpips 0.1505 lr 6.24e-05
  step 2700 (1034/1666 this epoch) | 489 ms/step | ~5 min left in epoch | rec 0.00389 lpips 0.1472 lr 6.48e-05
  step 2800 (1134/1666 this epoch) | 489 ms/step | ~4 min left in epoch | rec 0.00383 lpips 0.1441 lr 6.72e-05
  step 2900 (1234/1666 this epoch) | 490 ms/step | ~4 min left in epoch | rec 0.00380 lpips 0.1415 lr 6.96e-05
  step 3000 (1334/1666 this epoch) | 490 ms/step | ~3 min left in epoch | rec 0.00375 lpips 0.1388 lr 7.20e-05
  step 3100 (1434/1666 this epoch) | 489 ms/step | ~2 min left in epoch | rec 0.00371 lpips 0.1362 lr 7.44e-05
  step 3200 (1534/1666 this epoch) | 489 ms/step | ~1 min left in epoch | rec 0.00366 lpips 0.1338 lr 7.68e-05
  step 3300 (1634/1666 this epoch) | 489 ms/step | ~0 min left in epoch | rec 0.00362 lpips 0.1317 lr 7.92e-05
[vae_miniwan_womd] ep   2/50 train rec 0.003612 LPIPS 0.1310 KL 1.131 (815s) | val PSNR 25.829 LPIPS 0.1428 MSE 0.002869  *best*
  step 3400 (68/1666 this epoch) | 490 ms/step | ~13 min left in epoch | rec 0.00286 lpips 0.0932 lr 8.16e-05
  step 3500 (168/1666 this epoch) | 489 ms/step | ~12 min left in epoch | rec 0.00288 lpips 0.0923 lr 8.40e-05
  step 3600 (268/1666 this epoch) | 489 ms/step | ~11 min left in epoch | rec 0.00287 lpips 0.0913 lr 8.64e-05
  step 3700 (368/1666 this epoch) | 489 ms/step | ~11 min left in epoch | rec 0.00286 lpips 0.0906 lr 8.88e-05
  step 3800 (468/1666 this epoch) | 489 ms/step | ~10 min left in epoch | rec 0.00284 lpips 0.0894 lr 9.12e-05
  step 3900 (568/1666 this epoch) | 489 ms/step | ~9 min left in epoch | rec 0.00283 lpips 0.0885 lr 9.36e-05
  step 4000 (668/1666 this epoch) | 489 ms/step | ~8 min left in epoch | rec 0.00281 lpips 0.0877 lr 9.60e-05
  step 4100 (768/1666 this epoch) | 489 ms/step | ~7 min left in epoch | rec 0.00279 lpips 0.0867 lr 9.84e-05
  step 4200 (868/1666 this epoch) | 489 ms/step | ~7 min left in epoch | rec 0.00278 lpips 0.0860 lr 1.01e-04
  step 4300 (968/1666 this epoch) | 489 ms/step | ~6 min left in epoch | rec 0.00276 lpips 0.0852 lr 1.03e-04
  step 4400 (1068/1666 this epoch) | 489 ms/step | ~5 min left in epoch | rec 0.00275 lpips 0.0844 lr 1.06e-04
  step 4500 (1168/1666 this epoch) | 490 ms/step | ~4 min left in epoch | rec 0.00274 lpips 0.0837 lr 1.08e-04
  step 4600 (1268/1666 this epoch) | 490 ms/step | ~3 min left in epoch | rec 0.00272 lpips 0.0831 lr 1.10e-04
  step 4700 (1368/1666 this epoch) | 490 ms/step | ~2 min left in epoch | rec 0.00271 lpips 0.0825 lr 1.13e-04
  step 4800 (1468/1666 this epoch) | 490 ms/step | ~2 min left in epoch | rec 0.00269 lpips 0.0819 lr 1.15e-04
  step 4900 (1568/1666 this epoch) | 490 ms/step | ~1 min left in epoch | rec 0.00268 lpips 0.0814 lr 1.18e-04
[vae_miniwan_womd] ep   3/50 train rec 0.002663 LPIPS 0.0807 KL 0.969 (816s) | val PSNR 26.658 LPIPS 0.1192 MSE 0.002386  *best*
  step 5000 (2/1666 this epoch) | 545 ms/step | ~15 min left in epoch | rec 0.00244 lpips 0.0657 lr 1.20e-04
  step 5100 (102/1666 this epoch) | 489 ms/step | ~13 min left in epoch | rec 0.00236 lpips 0.0691 lr 1.22e-04
  step 5200 (202/1666 this epoch) | 489 ms/step | ~12 min left in epoch | rec 0.00235 lpips 0.0690 lr 1.25e-04
  step 5300 (302/1666 this epoch) | 489 ms/step | ~11 min left in epoch | rec 0.00235 lpips 0.0691 lr 1.27e-04
  step 5400 (402/1666 this epoch) | 489 ms/step | ~10 min left in epoch | rec 0.00234 lpips 0.0686 lr 1.30e-04
  step 5500 (502/1666 this epoch) | 490 ms/step | ~9 min left in epoch | rec 0.00235 lpips 0.0686 lr 1.32e-04
  step 5600 (602/1666 this epoch) | 490 ms/step | ~9 min left in epoch | rec 0.00234 lpips 0.0680 lr 1.34e-04
  step 5700 (702/1666 this epoch) | 490 ms/step | ~8 min left in epoch | rec 0.00231 lpips 0.0674 lr 1.37e-04
  step 5800 (802/1666 this epoch) | 490 ms/step | ~7 min left in epoch | rec 0.00230 lpips 0.0672 lr 1.39e-04
  step 5900 (902/1666 this epoch) | 489 ms/step | ~6 min left in epoch | rec 0.00230 lpips 0.0668 lr 1.42e-04
  step 6000 (1002/1666 this epoch) | 489 ms/step | ~5 min left in epoch | rec 0.00228 lpips 0.0664 lr 1.44e-04
  step 6100 (1102/1666 this epoch) | 489 ms/step | ~5 min left in epoch | rec 0.00227 lpips 0.0660 lr 1.46e-04
  step 6200 (1202/1666 this epoch) | 489 ms/step | ~4 min left in epoch | rec 0.00226 lpips 0.0657 lr 1.49e-04
  step 6300 (1302/1666 this epoch) | 489 ms/step | ~3 min left in epoch | rec 0.00224 lpips 0.0653 lr 1.51e-04
  step 6400 (1402/1666 this epoch) | 489 ms/step | ~2 min left in epoch | rec 0.00223 lpips 0.0649 lr 1.54e-04
  step 6500 (1502/1666 this epoch) | 489 ms/step | ~1 min left in epoch | rec 0.00222 lpips 0.0646 lr 1.56e-04
  step 6600 (1602/1666 this epoch) | 489 ms/step | ~1 min left in epoch | rec 0.00221 lpips 0.0642 lr 1.58e-04
[vae_miniwan_womd] ep   4/50 train rec 0.002211 LPIPS 0.0640 KL 0.796 (815s) | val PSNR 27.406 LPIPS 0.1048 MSE 0.002008  *best*
  step 6700 (36/1666 this epoch) | 492 ms/step | ~13 min left in epoch | rec 0.00206 lpips 0.0582 lr 1.61e-04
  step 6800 (136/1666 this epoch) | 489 ms/step | ~12 min left in epoch | rec 0.00200 lpips 0.0568 lr 1.63e-04
  step 6900 (236/1666 this epoch) | 489 ms/step | ~12 min left in epoch | rec 0.00202 lpips 0.0572 lr 1.66e-04
  step 7000 (336/1666 this epoch) | 489 ms/step | ~11 min left in epoch | rec 0.00201 lpips 0.0566 lr 1.68e-04
  step 7100 (436/1666 this epoch) | 489 ms/step | ~10 min left in epoch | rec 0.00199 lpips 0.0562 lr 1.70e-04
  step 7200 (536/1666 this epoch) | 489 ms/step | ~9 min left in epoch | rec 0.00198 lpips 0.0559 lr 1.73e-04
  step 7300 (636/1666 this epoch) | 490 ms/step | ~8 min left in epoch | rec 0.00198 lpips 0.0559 lr 1.75e-04
  step 7400 (736/1666 this epoch) | 490 ms/step | ~8 min left in epoch | rec 0.00197 lpips 0.0554 lr 1.78e-04
  step 7500 (836/1666 this epoch) | 489 ms/step | ~7 min left in epoch | rec 0.00197 lpips 0.0551 lr 1.80e-04
  step 7600 (936/1666 this epoch) | 489 ms/step | ~6 min left in epoch | rec 0.00196 lpips 0.0549 lr 1.82e-04
  step 7700 (1036/1666 this epoch) | 489 ms/step | ~5 min left in epoch | rec 0.00196 lpips 0.0546 lr 1.85e-04
  step 7800 (1136/1666 this epoch) | 489 ms/step | ~4 min left in epoch | rec 0.00195 lpips 0.0543 lr 1.87e-04
  step 7900 (1236/1666 this epoch) | 489 ms/step | ~4 min left in epoch | rec 0.00194 lpips 0.0541 lr 1.90e-04
  step 8000 (1336/1666 this epoch) | 489 ms/step | ~3 min left in epoch | rec 0.00193 lpips 0.0538 lr 1.92e-04
  step 8100 (1436/1666 this epoch) | 489 ms/step | ~2 min left in epoch | rec 0.00192 lpips 0.0535 lr 1.94e-04
  step 8200 (1536/1666 this epoch) | 489 ms/step | ~1 min left in epoch | rec 0.00192 lpips 0.0533 lr 1.97e-04
  step 8300 (1636/1666 this epoch) | 489 ms/step | ~0 min left in epoch | rec 0.00191 lpips 0.0531 lr 1.99e-04
[vae_miniwan_womd] ep   5/50 train rec 0.001907 LPIPS 0.0530 KL 0.681 (815s) | val PSNR 28.047 LPIPS 0.0884 MSE 0.001741  *best*
  step 8400 (70/1666 this epoch) | 490 ms/step | ~13 min left in epoch | rec 0.00175 lpips 0.0493 lr 2.00e-04
  step 8500 (170/1666 this epoch) | 489 ms/step | ~12 min left in epoch | rec 0.00176 lpips 0.0489 lr 2.00e-04
  step 8600 (270/1666 this epoch) | 489 ms/step | ~11 min left in epoch | rec 0.00177 lpips 0.0487 lr 2.00e-04
  step 8700 (370/1666 this epoch) | 489 ms/step | ~11 min left in epoch | rec 0.00179 lpips 0.0486 lr 2.00e-04
  step 8800 (470/1666 this epoch) | 489 ms/step | ~10 min left in epoch | rec 0.00177 lpips 0.0484 lr 2.00e-04
  step 8900 (570/1666 this epoch) | 490 ms/step | ~9 min left in epoch | rec 0.00177 lpips 0.0482 lr 2.00e-04
  step 9000 (670/1666 this epoch) | 490 ms/step | ~8 min left in epoch | rec 0.00177 lpips 0.0481 lr 2.00e-04
  step 9100 (770/1666 this epoch) | 490 ms/step | ~7 min left in epoch | rec 0.00175 lpips 0.0477 lr 2.00e-04
  step 9200 (870/1666 this epoch) | 490 ms/step | ~6 min left in epoch | rec 0.00174 lpips 0.0474 lr 2.00e-04
  step 9300 (970/1666 this epoch) | 490 ms/step | ~6 min left in epoch | rec 0.00173 lpips 0.0471 lr 2.00e-04
  step 9400 (1070/1666 this epoch) | 490 ms/step | ~5 min left in epoch | rec 0.00173 lpips 0.0469 lr 2.00e-04
  step 9500 (1170/1666 this epoch) | 490 ms/step | ~4 min left in epoch | rec 0.00172 lpips 0.0468 lr 2.00e-04
  step 9600 (1270/1666 this epoch) | 490 ms/step | ~3 min left in epoch | rec 0.00172 lpips 0.0466 lr 2.00e-04
  step 9700 (1370/1666 this epoch) | 490 ms/step | ~2 min left in epoch | rec 0.00171 lpips 0.0465 lr 2.00e-04
  step 9800 (1470/1666 this epoch) | 490 ms/step | ~2 min left in epoch | rec 0.00170 lpips 0.0463 lr 2.00e-04
  step 9900 (1570/1666 this epoch) | 490 ms/step | ~1 min left in epoch | rec 0.00170 lpips 0.0461 lr 2.00e-04
[vae_miniwan_womd] ep   6/50 train rec 0.001697 LPIPS 0.0461 KL 0.629 (816s) | val PSNR 28.487 LPIPS 0.0771 MSE 0.001573  *best*
  step 10000 (4/1666 this epoch) | 508 ms/step | ~14 min left in epoch | rec 0.00181 lpips 0.0460 lr 2.00e-04
  step 10100 (104/1666 this epoch) | 489 ms/step | ~13 min left in epoch | rec 0.00165 lpips 0.0438 lr 2.00e-04
  step 10200 (204/1666 this epoch) | 490 ms/step | ~12 min left in epoch | rec 0.00165 lpips 0.0436 lr 2.00e-04
  step 10300 (304/1666 this epoch) | 489 ms/step | ~11 min left in epoch | rec 0.00165 lpips 0.0435 lr 2.00e-04
  step 10400 (404/1666 this epoch) | 489 ms/step | ~10 min left in epoch | rec 0.00164 lpips 0.0434 lr 2.00e-04
  step 10500 (504/1666 this epoch) | 489 ms/step | ~9 min left in epoch | rec 0.00163 lpips 0.0433 lr 2.00e-04
  step 10600 (604/1666 this epoch) | 490 ms/step | ~9 min left in epoch | rec 0.00161 lpips 0.0429 lr 2.00e-04
  step 10700 (704/1666 this epoch) | 490 ms/step | ~8 min left in epoch | rec 0.00160 lpips 0.0427 lr 2.00e-04
  step 10800 (804/1666 this epoch) | 490 ms/step | ~7 min left in epoch | rec 0.00159 lpips 0.0425 lr 1.99e-04
  step 10900 (904/1666 this epoch) | 490 ms/step | ~6 min left in epoch | rec 0.00158 lpips 0.0424 lr 1.99e-04
  step 11000 (1004/1666 this epoch) | 490 ms/step | ~5 min left in epoch | rec 0.00158 lpips 0.0423 lr 1.99e-04
  step 11100 (1104/1666 this epoch) | 489 ms/step | ~5 min left in epoch | rec 0.00158 lpips 0.0422 lr 1.99e-04
  step 11200 (1204/1666 this epoch) | 489 ms/step | ~4 min left in epoch | rec 0.00157 lpips 0.0421 lr 1.99e-04
  step 11300 (1304/1666 this epoch) | 489 ms/step | ~3 min left in epoch | rec 0.00157 lpips 0.0420 lr 1.99e-04
  step 11400 (1404/1666 this epoch) | 489 ms/step | ~2 min left in epoch | rec 0.00157 lpips 0.0419 lr 1.99e-04
  step 11500 (1504/1666 this epoch) | 489 ms/step | ~1 min left in epoch | rec 0.00157 lpips 0.0418 lr 1.99e-04
  step 11600 (1604/1666 this epoch) | 489 ms/step | ~1 min left in epoch | rec 0.00161 lpips 0.0427 lr 1.99e-04
[vae_miniwan_womd] ep   7/50 train rec 0.001727 LPIPS 0.0486 KL 0.621 (815s) | val PSNR 25.416 LPIPS 0.1837 MSE 0.003105
  step 11700 (38/1666 this epoch) | 490 ms/step | ~13 min left in epoch | rec 0.00301 lpips 0.1157 lr 1.99e-04
  step 11800 (138/1666 this epoch) | 489 ms/step | ~12 min left in epoch | rec 0.00269 lpips 0.0978 lr 1.99e-04
  step 11900 (238/1666 this epoch) | 489 ms/step | ~12 min left in epoch | rec 0.00249 lpips 0.0879 lr 1.99e-04
  step 12000 (338/1666 this epoch) | 489 ms/step | ~11 min left in epoch | rec 0.00237 lpips 0.0813 lr 1.99e-04
  step 12100 (438/1666 this epoch) | 489 ms/step | ~10 min left in epoch | rec 0.00227 lpips 0.0763 lr 1.99e-04
  step 12200 (538/1666 this epoch) | 490 ms/step | ~9 min left in epoch | rec 0.00219 lpips 0.0722 lr 1.99e-04
  step 12300 (638/1666 this epoch) | 490 ms/step | ~8 min left in epoch | rec 0.00212 lpips 0.0687 lr 1.99e-04
  step 12400 (738/1666 this epoch) | 489 ms/step | ~8 min left in epoch | rec 0.00206 lpips 0.0658 lr 1.99e-04
  step 12500 (838/1666 this epoch) | 489 ms/step | ~7 min left in epoch | rec 0.00201 lpips 0.0635 lr 1.98e-04
  step 12600 (938/1666 this epoch) | 489 ms/step | ~6 min left in epoch | rec 0.00197 lpips 0.0615 lr 1.98e-04
  step 12700 (1038/1666 this epoch) | 489 ms/step | ~5 min left in epoch | rec 0.00194 lpips 0.0599 lr 1.98e-04
  step 12800 (1138/1666 this epoch) | 489 ms/step | ~4 min left in epoch | rec 0.00190 lpips 0.0583 lr 1.98e-04
  step 12900 (1238/1666 this epoch) | 489 ms/step | ~3 min left in epoch | rec 0.00188 lpips 0.0570 lr 1.98e-04
  step 13000 (1338/1666 this epoch) | 489 ms/step | ~3 min left in epoch | rec 0.00185 lpips 0.0558 lr 1.98e-04
  step 13100 (1438/1666 this epoch) | 489 ms/step | ~2 min left in epoch | rec 0.00183 lpips 0.0549 lr 1.98e-04
  step 13200 (1538/1666 this epoch) | 489 ms/step | ~1 min left in epoch | rec 0.00181 lpips 0.0540 lr 1.98e-04
  step 13300 (1638/1666 this epoch) | 489 ms/step | ~0 min left in epoch | rec 0.00180 lpips 0.0532 lr 1.98e-04
[vae_miniwan_womd] ep   8/50 train rec 0.001791 LPIPS 0.0529 KL 0.640 (815s) | val PSNR 28.780 LPIPS 0.0589 MSE 0.001467  *best*
  step 13400 (72/1666 this epoch) | 489 ms/step | ~13 min left in epoch | rec 0.00154 lpips 0.0401 lr 1.98e-04
  step 13500 (172/1666 this epoch) | 489 ms/step | ~12 min left in epoch | rec 0.00153 lpips 0.0401 lr 1.98e-04
  step 13600 (272/1666 this epoch) | 489 ms/step | ~11 min left in epoch | rec 0.00150 lpips 0.0398 lr 1.98e-04
  step 13700 (372/1666 this epoch) | 489 ms/step | ~11 min left in epoch | rec 0.00150 lpips 0.0398 lr 1.97e-04
  step 13800 (472/1666 this epoch) | 489 ms/step | ~10 min left in epoch | rec 0.00150 lpips 0.0396 lr 1.97e-04
  step 13900 (572/1666 this epoch) | 489 ms/step | ~9 min left in epoch | rec 0.00149 lpips 0.0395 lr 1.97e-04
  step 14000 (672/1666 this epoch) | 489 ms/step | ~8 min left in epoch | rec 0.00149 lpips 0.0393 lr 1.97e-04
  step 14100 (772/1666 this epoch) | 489 ms/step | ~7 min left in epoch | rec 0.00148 lpips 0.0392 lr 1.97e-04
  step 14200 (872/1666 this epoch) | 489 ms/step | ~6 min left in epoch | rec 0.00147 lpips 0.0391 lr 1.97e-04
  step 14300 (972/1666 this epoch) | 489 ms/step | ~6 min left in epoch | rec 0.00147 lpips 0.0390 lr 1.97e-04
  step 14400 (1072/1666 this epoch) | 489 ms/step | ~5 min left in epoch | rec 0.00147 lpips 0.0389 lr 1.97e-04
  step 14500 (1172/1666 this epoch) | 489 ms/step | ~4 min left in epoch | rec 0.00147 lpips 0.0388 lr 1.97e-04
  step 14600 (1272/1666 this epoch) | 489 ms/step | ~3 min left in epoch | rec 0.00146 lpips 0.0387 lr 1.97e-04
  step 14700 (1372/1666 this epoch) | 489 ms/step | ~2 min left in epoch | rec 0.00146 lpips 0.0386 lr 1.96e-04
  step 14800 (1472/1666 this epoch) | 489 ms/step | ~2 min left in epoch | rec 0.00146 lpips 0.0385 lr 1.96e-04
  step 14900 (1572/1666 this epoch) | 489 ms/step | ~1 min left in epoch | rec 0.00146 lpips 0.0385 lr 1.96e-04
[vae_miniwan_womd] ep   9/50 train rec 0.001459 LPIPS 0.0384 KL 0.637 (815s) | val PSNR 29.066 LPIPS 0.0423 MSE 0.001367  *best*
  step 15000 (6/1666 this epoch) | 500 ms/step | ~14 min left in epoch | rec 0.00140 lpips 0.0347 lr 1.96e-04
  step 15100 (106/1666 this epoch) | 490 ms/step | ~13 min left in epoch | rec 0.00141 lpips 0.0368 lr 1.96e-04
  step 15200 (206/1666 this epoch) | 489 ms/step | ~12 min left in epoch | rec 0.00141 lpips 0.0371 lr 1.96e-04
  step 15300 (306/1666 this epoch) | 490 ms/step | ~11 min left in epoch | rec 0.00141 lpips 0.0369 lr 1.96e-04
  step 15400 (406/1666 this epoch) | 490 ms/step | ~10 min left in epoch | rec 0.00140 lpips 0.0366 lr 1.96e-04
  step 15500 (506/1666 this epoch) | 490 ms/step | ~9 min left in epoch | rec 0.00141 lpips 0.0367 lr 1.96e-04
  step 15600 (606/1666 this epoch) | 490 ms/step | ~9 min left in epoch | rec 0.00141 lpips 0.0365 lr 1.95e-04
  step 15700 (706/1666 this epoch) | 490 ms/step | ~8 min left in epoch | rec 0.00140 lpips 0.0364 lr 1.95e-04
  step 15800 (806/1666 this epoch) | 490 ms/step | ~7 min left in epoch | rec 0.00140 lpips 0.0363 lr 1.95e-04
  step 15900 (906/1666 this epoch) | 490 ms/step | ~6 min left in epoch | rec 0.00139 lpips 0.0362 lr 1.95e-04
  step 16000 (1006/1666 this epoch) | 490 ms/step | ~5 min left in epoch | rec 0.00139 lpips 0.0361 lr 1.95e-04
  step 16100 (1106/1666 this epoch) | 490 ms/step | ~5 min left in epoch | rec 0.00139 lpips 0.0360 lr 1.95e-04
  step 16200 (1206/1666 this epoch) | 490 ms/step | ~4 min left in epoch | rec 0.00139 lpips 0.0359 lr 1.95e-04
  step 16300 (1306/1666 this epoch) | 489 ms/step | ~3 min left in epoch | rec 0.00138 lpips 0.0358 lr 1.95e-04
  step 16400 (1406/1666 this epoch) | 489 ms/step | ~2 min left in epoch | rec 0.00138 lpips 0.0358 lr 1.94e-04
  step 16500 (1506/1666 this epoch) | 489 ms/step | ~1 min left in epoch | rec 0.00138 lpips 0.0357 lr 1.94e-04
  step 16600 (1606/1666 this epoch) | 489 ms/step | ~0 min left in epoch | rec 0.00137 lpips 0.0356 lr 1.94e-04
[vae_miniwan_womd] ep  10/50 train rec 0.001373 LPIPS 0.0356 KL 0.623 (815s) | val PSNR 29.259 LPIPS 0.0347 MSE 0.001309  *best*
  step 16700 (40/1666 this epoch) | 492 ms/step | ~13 min left in epoch | rec 0.00135 lpips 0.0346 lr 1.94e-04
  step 16800 (140/1666 this epoch) | 489 ms/step | ~12 min left in epoch | rec 0.00135 lpips 0.0349 lr 1.94e-04
  step 16900 (240/1666 this epoch) | 490 ms/step | ~12 min left in epoch | rec 0.00136 lpips 0.0347 lr 1.94e-04
  step 17000 (340/1666 this epoch) | 489 ms/step | ~11 min left in epoch | rec 0.00137 lpips 0.0348 lr 1.94e-04
  step 17100 (440/1666 this epoch) | 489 ms/step | ~10 min left in epoch | rec 0.00136 lpips 0.0346 lr 1.93e-04
  step 17200 (540/1666 this epoch) | 489 ms/step | ~9 min left in epoch | rec 0.00135 lpips 0.0344 lr 1.93e-04
  step 17300 (640/1666 this epoch) | 489 ms/step | ~8 min left in epoch | rec 0.00135 lpips 0.0344 lr 1.93e-04
  step 17400 (740/1666 this epoch) | 489 ms/step | ~8 min left in epoch | rec 0.00134 lpips 0.0342 lr 1.93e-04
  step 17500 (840/1666 this epoch) | 489 ms/step | ~7 min left in epoch | rec 0.00134 lpips 0.0342 lr 1.93e-04
  step 17600 (940/1666 this epoch) | 489 ms/step | ~6 min left in epoch | rec 0.00134 lpips 0.0341 lr 1.93e-04
  step 17700 (1040/1666 this epoch) | 489 ms/step | ~5 min left in epoch | rec 0.00133 lpips 0.0340 lr 1.92e-04
  step 17800 (1140/1666 this epoch) | 489 ms/step | ~4 min left in epoch | rec 0.00133 lpips 0.0340 lr 1.92e-04
  step 17900 (1240/1666 this epoch) | 489 ms/step | ~3 min left in epoch | rec 0.00133 lpips 0.0339 lr 1.92e-04
  step 18000 (1340/1666 this epoch) | 489 ms/step | ~3 min left in epoch | rec 0.00132 lpips 0.0338 lr 1.92e-04
  step 18100 (1440/1666 this epoch) | 489 ms/step | ~2 min left in epoch | rec 0.00132 lpips 0.0338 lr 1.92e-04
  step 18200 (1540/1666 this epoch) | 489 ms/step | ~1 min left in epoch | rec 0.00132 lpips 0.0337 lr 1.92e-04
  step 18300 (1640/1666 this epoch) | 489 ms/step | ~0 min left in epoch | rec 0.00132 lpips 0.0337 lr 1.91e-04
[vae_miniwan_womd] ep  11/50 train rec 0.001320 LPIPS 0.0337 KL 0.601 (815s) | val PSNR 29.400 LPIPS 0.0326 MSE 0.001265  *best*
  step 18400 (74/1666 this epoch) | 490 ms/step | ~13 min left in epoch | rec 0.00128 lpips 0.0321 lr 1.91e-04
  step 18500 (174/1666 this epoch) | 489 ms/step | ~12 min left in epoch | rec 0.00131 lpips 0.0327 lr 1.91e-04
  step 18600 (274/1666 this epoch) | 489 ms/step | ~11 min left in epoch | rec 0.00129 lpips 0.0326 lr 1.91e-04
  step 18700 (374/1666 this epoch) | 489 ms/step | ~11 min left in epoch | rec 0.00128 lpips 0.0324 lr 1.91e-04
  step 18800 (474/1666 this epoch) | 489 ms/step | ~10 min left in epoch | rec 0.00128 lpips 0.0324 lr 1.91e-04
  step 18900 (574/1666 this epoch) | 489 ms/step | ~9 min left in epoch | rec 0.00127 lpips 0.0324 lr 1.90e-04
  step 19000 (674/1666 this epoch) | 489 ms/step | ~8 min left in epoch | rec 0.00127 lpips 0.0324 lr 1.90e-04
  step 19100 (774/1666 this epoch) | 489 ms/step | ~7 min left in epoch | rec 0.00128 lpips 0.0324 lr 1.90e-04
  step 19200 (874/1666 this epoch) | 490 ms/step | ~6 min left in epoch | rec 0.00128 lpips 0.0324 lr 1.90e-04
  step 19300 (974/1666 this epoch) | 489 ms/step | ~6 min left in epoch | rec 0.00127 lpips 0.0324 lr 1.90e-04
  step 19400 (1074/1666 this epoch) | 489 ms/step | ~5 min left in epoch | rec 0.00127 lpips 0.0324 lr 1.89e-04
  step 19500 (1174/1666 this epoch) | 489 ms/step | ~4 min left in epoch | rec 0.00127 lpips 0.0323 lr 1.89e-04
  step 19600 (1274/1666 this epoch) | 489 ms/step | ~3 min left in epoch | rec 0.00127 lpips 0.0322 lr 1.89e-04
  step 19700 (1374/1666 this epoch) | 489 ms/step | ~2 min left in epoch | rec 0.00127 lpips 0.0322 lr 1.89e-04
  step 19800 (1474/1666 this epoch) | 489 ms/step | ~2 min left in epoch | rec 0.00127 lpips 0.0321 lr 1.89e-04
  step 19900 (1574/1666 this epoch) | 489 ms/step | ~1 min left in epoch | rec 0.00126 lpips 0.0320 lr 1.89e-04
[vae_miniwan_womd] ep  12/50 train rec 0.001262 LPIPS 0.0320 KL 0.582 (815s) | val PSNR 29.576 LPIPS 0.0312 MSE 0.001214  *best*
  step 20000 (8/1666 this epoch) | 498 ms/step | ~14 min left in epoch | rec 0.00112 lpips 0.0315 lr 1.88e-04
  step 20100 (108/1666 this epoch) | 489 ms/step | ~13 min left in epoch | rec 0.00123 lpips 0.0313 lr 1.88e-04
  step 20200 (208/1666 this epoch) | 489 ms/step | ~12 min left in epoch | rec 0.00122 lpips 0.0312 lr 1.88e-04
  step 20300 (308/1666 this epoch) | 489 ms/step | ~11 min left in epoch | rec 0.00123 lpips 0.0313 lr 1.88e-04
  step 20400 (408/1666 this epoch) | 489 ms/step | ~10 min left in epoch | rec 0.00124 lpips 0.0313 lr 1.88e-04
  step 20500 (508/1666 this epoch) | 488 ms/step | ~9 min left in epoch | rec 0.00123 lpips 0.0312 lr 1.87e-04
  step 20600 (608/1666 this epoch) | 489 ms/step | ~9 min left in epoch | rec 0.00123 lpips 0.0311 lr 1.87e-04
  step 20700 (708/1666 this epoch) | 489 ms/step | ~8 min left in epoch | rec 0.00122 lpips 0.0311 lr 1.87e-04
  step 20800 (808/1666 this epoch) | 489 ms/step | ~7 min left in epoch | rec 0.00122 lpips 0.0310 lr 1.87e-04
  step 20900 (908/1666 this epoch) | 489 ms/step | ~6 min left in epoch | rec 0.00122 lpips 0.0310 lr 1.87e-04
  step 21000 (1008/1666 this epoch) | 489 ms/step | ~5 min left in epoch | rec 0.00122 lpips 0.0310 lr 1.86e-04
  step 21100 (1108/1666 this epoch) | 489 ms/step | ~5 min left in epoch | rec 0.00122 lpips 0.0309 lr 1.86e-04
  step 21200 (1208/1666 this epoch) | 489 ms/step | ~4 min left in epoch | rec 0.00122 lpips 0.0309 lr 1.86e-04
  step 21300 (1308/1666 this epoch) | 489 ms/step | ~3 min left in epoch | rec 0.00122 lpips 0.0309 lr 1.86e-04
  step 21400 (1408/1666 this epoch) | 489 ms/step | ~2 min left in epoch | rec 0.00122 lpips 0.0308 lr 1.85e-04
  step 21500 (1508/1666 this epoch) | 489 ms/step | ~1 min left in epoch | rec 0.00122 lpips 0.0308 lr 1.85e-04
  step 21600 (1608/1666 this epoch) | 489 ms/step | ~0 min left in epoch | rec 0.00122 lpips 0.0308 lr 1.85e-04
[vae_miniwan_womd] ep  13/50 train rec 0.001219 LPIPS 0.0307 KL 0.580 (815s) | val PSNR 29.739 LPIPS 0.0302 MSE 0.001170  *best*
  step 21700 (42/1666 this epoch) | 490 ms/step | ~13 min left in epoch | rec 0.00121 lpips 0.0297 lr 1.85e-04
  step 21800 (142/1666 this epoch) | 489 ms/step | ~12 min left in epoch | rec 0.00121 lpips 0.0302 lr 1.85e-04
  step 21900 (242/1666 this epoch) | 489 ms/step | ~12 min left in epoch | rec 0.00120 lpips 0.0303 lr 1.84e-04
  step 22000 (342/1666 this epoch) | 489 ms/step | ~11 min left in epoch | rec 0.00120 lpips 0.0301 lr 1.84e-04
  step 22100 (442/1666 this epoch) | 489 ms/step | ~10 min left in epoch | rec 0.00119 lpips 0.0300 lr 1.84e-04
  step 22200 (542/1666 this epoch) | 489 ms/step | ~9 min left in epoch | rec 0.00120 lpips 0.0300 lr 1.84e-04
  step 22300 (642/1666 this epoch) | 489 ms/step | ~8 min left in epoch | rec 0.00119 lpips 0.0300 lr 1.83e-04
  step 22400 (742/1666 this epoch) | 489 ms/step | ~8 min left in epoch | rec 0.00119 lpips 0.0299 lr 1.83e-04
  step 22500 (842/1666 this epoch) | 489 ms/step | ~7 min left in epoch | rec 0.00120 lpips 0.0300 lr 1.83e-04
  step 22600 (942/1666 this epoch) | 489 ms/step | ~6 min left in epoch | rec 0.00120 lpips 0.0300 lr 1.83e-04
  step 22700 (1042/1666 this epoch) | 489 ms/step | ~5 min left in epoch | rec 0.00120 lpips 0.0300 lr 1.83e-04
  step 22800 (1142/1666 this epoch) | 489 ms/step | ~4 min left in epoch | rec 0.00119 lpips 0.0299 lr 1.82e-04
  step 22900 (1242/1666 this epoch) | 489 ms/step | ~3 min left in epoch | rec 0.00120 lpips 0.0299 lr 1.82e-04
  step 23000 (1342/1666 this epoch) | 489 ms/step | ~3 min left in epoch | rec 0.00119 lpips 0.0299 lr 1.82e-04
  step 23100 (1442/1666 this epoch) | 489 ms/step | ~2 min left in epoch | rec 0.00119 lpips 0.0299 lr 1.82e-04
  step 23200 (1542/1666 this epoch) | 490 ms/step | ~1 min left in epoch | rec 0.00120 lpips 0.0300 lr 1.81e-04
  step 23300 (1642/1666 this epoch) | 490 ms/step | ~0 min left in epoch | rec 0.00120 lpips 0.0299 lr 1.81e-04
[vae_miniwan_womd] ep  14/50 train rec 0.001195 LPIPS 0.0299 KL 0.582 (816s) | val PSNR 29.822 LPIPS 0.0286 MSE 0.001147  *best*
  step 23400 (76/1666 this epoch) | 490 ms/step | ~13 min left in epoch | rec 0.00119 lpips 0.0295 lr 1.81e-04
  step 23500 (176/1666 this epoch) | 489 ms/step | ~12 min left in epoch | rec 0.00117 lpips 0.0294 lr 1.81e-04
  step 23600 (276/1666 this epoch) | 489 ms/step | ~11 min left in epoch | rec 0.00117 lpips 0.0293 lr 1.80e-04
  step 23700 (376/1666 this epoch) | 489 ms/step | ~11 min left in epoch | rec 0.00118 lpips 0.0294 lr 1.80e-04
  step 23800 (476/1666 this epoch) | 489 ms/step | ~10 min left in epoch | rec 0.00118 lpips 0.0294 lr 1.80e-04
  step 23900 (576/1666 this epoch) | 489 ms/step | ~9 min left in epoch | rec 0.00119 lpips 0.0296 lr 1.80e-04
  step 24000 (676/1666 this epoch) | 489 ms/step | ~8 min left in epoch | rec 0.00119 lpips 0.0296 lr 1.79e-04
  step 24100 (776/1666 this epoch) | 489 ms/step | ~7 min left in epoch | rec 0.00118 lpips 0.0295 lr 1.79e-04
  step 24200 (876/1666 this epoch) | 489 ms/step | ~6 min left in epoch | rec 0.00118 lpips 0.0295 lr 1.79e-04
  step 24300 (976/1666 this epoch) | 489 ms/step | ~6 min left in epoch | rec 0.00118 lpips 0.0293 lr 1.79e-04
  step 24400 (1076/1666 this epoch) | 489 ms/step | ~5 min left in epoch | rec 0.00117 lpips 0.0293 lr 1.78e-04
  step 24500 (1176/1666 this epoch) | 489 ms/step | ~4 min left in epoch | rec 0.00117 lpips 0.0293 lr 1.78e-04
  step 24600 (1276/1666 this epoch) | 489 ms/step | ~3 min left in epoch | rec 0.00117 lpips 0.0292 lr 1.78e-04
  step 24700 (1376/1666 this epoch) | 489 ms/step | ~2 min left in epoch | rec 0.00117 lpips 0.0292 lr 1.77e-04
  step 24800 (1476/1666 this epoch) | 489 ms/step | ~2 min left in epoch | rec 0.00117 lpips 0.0291 lr 1.77e-04
  step 24900 (1576/1666 this epoch) | 489 ms/step | ~1 min left in epoch | rec 0.00116 lpips 0.0290 lr 1.77e-04
[vae_miniwan_womd] ep  15/50 train rec 0.001161 LPIPS 0.0290 KL 0.580 (815s) | val PSNR 29.947 LPIPS 0.0280 MSE 0.001115  *best*
  step 25000 (10/1666 this epoch) | 501 ms/step | ~14 min left in epoch | rec 0.00118 lpips 0.0293 lr 1.77e-04
  step 25100 (110/1666 this epoch) | 489 ms/step | ~13 min left in epoch | rec 0.00118 lpips 0.0288 lr 1.76e-04
  step 25200 (210/1666 this epoch) | 489 ms/step | ~12 min left in epoch | rec 0.00117 lpips 0.0289 lr 1.76e-04
  step 25300 (310/1666 this epoch) | 489 ms/step | ~11 min left in epoch | rec 0.00117 lpips 0.0289 lr 1.76e-04
  step 25400 (410/1666 this epoch) | 489 ms/step | ~10 min left in epoch | rec 0.00117 lpips 0.0287 lr 1.76e-04
  step 25500 (510/1666 this epoch) | 489 ms/step | ~9 min left in epoch | rec 0.00116 lpips 0.0287 lr 1.75e-04
  step 25600 (610/1666 this epoch) | 489 ms/step | ~9 min left in epoch | rec 0.00116 lpips 0.0286 lr 1.75e-04
  step 25700 (710/1666 this epoch) | 489 ms/step | ~8 min left in epoch | rec 0.00116 lpips 0.0286 lr 1.75e-04
  step 25800 (810/1666 this epoch) | 489 ms/step | ~7 min left in epoch | rec 0.00116 lpips 0.0286 lr 1.75e-04
  step 25900 (910/1666 this epoch) | 489 ms/step | ~6 min left in epoch | rec 0.00116 lpips 0.0286 lr 1.74e-04
  step 26000 (1010/1666 this epoch) | 489 ms/step | ~5 min left in epoch | rec 0.00115 lpips 0.0285 lr 1.74e-04
  step 26100 (1110/1666 this epoch) | 489 ms/step | ~5 min left in epoch | rec 0.00115 lpips 0.0285 lr 1.74e-04
  step 26200 (1210/1666 this epoch) | 489 ms/step | ~4 min left in epoch | rec 0.00115 lpips 0.0285 lr 1.73e-04
  step 26300 (1310/1666 this epoch) | 489 ms/step | ~3 min left in epoch | rec 0.00115 lpips 0.0284 lr 1.73e-04
  step 26400 (1410/1666 this epoch) | 489 ms/step | ~2 min left in epoch | rec 0.00115 lpips 0.0284 lr 1.73e-04
  step 26500 (1510/1666 this epoch) | 489 ms/step | ~1 min left in epoch | rec 0.00115 lpips 0.0284 lr 1.73e-04
  step 26600 (1610/1666 this epoch) | 489 ms/step | ~0 min left in epoch | rec 0.00115 lpips 0.0284 lr 1.72e-04
[vae_miniwan_womd] ep  16/50 train rec 0.001145 LPIPS 0.0283 KL 0.582 (815s) | val PSNR 30.074 LPIPS 0.0274 MSE 0.001082  *best*
  step 26700 (44/1666 this epoch) | 490 ms/step | ~13 min left in epoch | rec 0.00112 lpips 0.0279 lr 1.72e-04
  step 26800 (144/1666 this epoch) | 489 ms/step | ~12 min left in epoch | rec 0.00112 lpips 0.0276 lr 1.72e-04
  step 26900 (244/1666 this epoch) | 489 ms/step | ~12 min left in epoch | rec 0.00112 lpips 0.0276 lr 1.71e-04
  step 27000 (344/1666 this epoch) | 489 ms/step | ~11 min left in epoch | rec 0.00111 lpips 0.0275 lr 1.71e-04
  step 27100 (444/1666 this epoch) | 489 ms/step | ~10 min left in epoch | rec 0.00112 lpips 0.0276 lr 1.71e-04
  step 27200 (544/1666 this epoch) | 489 ms/step | ~9 min left in epoch | rec 0.00111 lpips 0.0275 lr 1.70e-04
  step 27300 (644/1666 this epoch) | 489 ms/step | ~8 min left in epoch | rec 0.00111 lpips 0.0276 lr 1.70e-04
  step 27400 (744/1666 this epoch) | 490 ms/step | ~8 min left in epoch | rec 0.00111 lpips 0.0275 lr 1.70e-04
  step 27500 (844/1666 this epoch) | 490 ms/step | ~7 min left in epoch | rec 0.00111 lpips 0.0276 lr 1.70e-04
  step 27600 (944/1666 this epoch) | 490 ms/step | ~6 min left in epoch | rec 0.00111 lpips 0.0275 lr 1.69e-04
  step 27700 (1044/1666 this epoch) | 490 ms/step | ~5 min left in epoch | rec 0.00111 lpips 0.0275 lr 1.69e-04
  step 27800 (1144/1666 this epoch) | 490 ms/step | ~4 min left in epoch | rec 0.00111 lpips 0.0275 lr 1.69e-04
  step 27900 (1244/1666 this epoch) | 490 ms/step | ~3 min left in epoch | rec 0.00111 lpips 0.0275 lr 1.68e-04
  step 28000 (1344/1666 this epoch) | 490 ms/step | ~3 min left in epoch | rec 0.00111 lpips 0.0275 lr 1.68e-04
  step 28100 (1444/1666 this epoch) | 489 ms/step | ~2 min left in epoch | rec 0.00111 lpips 0.0274 lr 1.68e-04
  step 28200 (1544/1666 this epoch) | 489 ms/step | ~1 min left in epoch | rec 0.00111 lpips 0.0274 lr 1.67e-04
  step 28300 (1644/1666 this epoch) | 489 ms/step | ~0 min left in epoch | rec 0.00112 lpips 0.0276 lr 1.67e-04
[vae_miniwan_womd] ep  17/50 train rec 0.001117 LPIPS 0.0276 KL 0.585 (815s) | val PSNR 30.066 LPIPS 0.0274 MSE 0.001084  *best*
  step 28400 (78/1666 this epoch) | 490 ms/step | ~13 min left in epoch | rec 0.00111 lpips 0.0271 lr 1.67e-04
  step 28500 (178/1666 this epoch) | 490 ms/step | ~12 min left in epoch | rec 0.00109 lpips 0.0268 lr 1.67e-04
  step 28600 (278/1666 this epoch) | 490 ms/step | ~11 min left in epoch | rec 0.00107 lpips 0.0267 lr 1.66e-04
  step 28700 (378/1666 this epoch) | 490 ms/step | ~11 min left in epoch | rec 0.00107 lpips 0.0266 lr 1.66e-04
  step 28800 (478/1666 this epoch) | 490 ms/step | ~10 min left in epoch | rec 0.00108 lpips 0.0268 lr 1.66e-04
  step 28900 (578/1666 this epoch) | 490 ms/step | ~9 min left in epoch | rec 0.00107 lpips 0.0267 lr 1.65e-04
  step 29000 (678/1666 this epoch) | 490 ms/step | ~8 min left in epoch | rec 0.00108 lpips 0.0268 lr 1.65e-04
  step 29100 (778/1666 this epoch) | 490 ms/step | ~7 min left in epoch | rec 0.00108 lpips 0.0269 lr 1.65e-04
  step 29200 (878/1666 this epoch) | 490 ms/step | ~6 min left in epoch | rec 0.00108 lpips 0.0269 lr 1.64e-04
  step 29300 (978/1666 this epoch) | 490 ms/step | ~6 min left in epoch | rec 0.00108 lpips 0.0268 lr 1.64e-04
  step 29400 (1078/1666 this epoch) | 490 ms/step | ~5 min left in epoch | rec 0.00108 lpips 0.0268 lr 1.64e-04
  step 29500 (1178/1666 this epoch) | 490 ms/step | ~4 min left in epoch | rec 0.00108 lpips 0.0268 lr 1.63e-04
  step 29600 (1278/1666 this epoch) | 490 ms/step | ~3 min left in epoch | rec 0.00108 lpips 0.0267 lr 1.63e-04
  step 29700 (1378/1666 this epoch) | 490 ms/step | ~2 min left in epoch | rec 0.00108 lpips 0.0267 lr 1.63e-04
  step 29800 (1478/1666 this epoch) | 490 ms/step | ~2 min left in epoch | rec 0.00108 lpips 0.0267 lr 1.62e-04
  step 29900 (1578/1666 this epoch) | 490 ms/step | ~1 min left in epoch | rec 0.00107 lpips 0.0267 lr 1.62e-04
[vae_miniwan_womd] ep  18/50 train rec 0.001074 LPIPS 0.0267 KL 0.589 (816s) | val PSNR 30.250 LPIPS 0.0257 MSE 0.001037  *best*
  step 30000 (12/1666 this epoch) | 496 ms/step | ~14 min left in epoch | rec 0.00111 lpips 0.0275 lr 1.62e-04
  step 30100 (112/1666 this epoch) | 490 ms/step | ~13 min left in epoch | rec 0.00110 lpips 0.0267 lr 1.61e-04
  step 30200 (212/1666 this epoch) | 490 ms/step | ~12 min left in epoch | rec 0.00108 lpips 0.0265 lr 1.61e-04
  step 30300 (312/1666 this epoch) | 489 ms/step | ~11 min left in epoch | rec 0.00107 lpips 0.0265 lr 1.61e-04
  step 30400 (412/1666 this epoch) | 489 ms/step | ~10 min left in epoch | rec 0.00107 lpips 0.0264 lr 1.60e-04
  step 30500 (512/1666 this epoch) | 489 ms/step | ~9 min left in epoch | rec 0.00107 lpips 0.0264 lr 1.60e-04
  step 30600 (612/1666 this epoch) | 489 ms/step | ~9 min left in epoch | rec 0.00107 lpips 0.0264 lr 1.60e-04
  step 30700 (712/1666 this epoch) | 489 ms/step | ~8 min left in epoch | rec 0.00107 lpips 0.0264 lr 1.59e-04
  step 30800 (812/1666 this epoch) | 489 ms/step | ~7 min left in epoch | rec 0.00107 lpips 0.0264 lr 1.59e-04
  step 30900 (912/1666 this epoch) | 489 ms/step | ~6 min left in epoch | rec 0.00107 lpips 0.0264 lr 1.59e-04
  step 31000 (1012/1666 this epoch) | 489 ms/step | ~5 min left in epoch | rec 0.00107 lpips 0.0264 lr 1.58e-04
  step 31100 (1112/1666 this epoch) | 489 ms/step | ~5 min left in epoch | rec 0.00107 lpips 0.0263 lr 1.58e-04
  step 31200 (1212/1666 this epoch) | 489 ms/step | ~4 min left in epoch | rec 0.00107 lpips 0.0263 lr 1.58e-04
  step 31300 (1312/1666 this epoch) | 489 ms/step | ~3 min left in epoch | rec 0.00106 lpips 0.0263 lr 1.57e-04
  step 31400 (1412/1666 this epoch) | 489 ms/step | ~2 min left in epoch | rec 0.00106 lpips 0.0263 lr 1.57e-04
  step 31500 (1512/1666 this epoch) | 489 ms/step | ~1 min left in epoch | rec 0.00106 lpips 0.0263 lr 1.57e-04
  step 31600 (1612/1666 this epoch) | 489 ms/step | ~0 min left in epoch | rec 0.00106 lpips 0.0262 lr 1.56e-04
[vae_miniwan_womd] ep  19/50 train rec 0.001060 LPIPS 0.0262 KL 0.590 (815s) | val PSNR 30.321 LPIPS 0.0254 MSE 0.001021  *best*
  step 31700 (46/1666 this epoch) | 490 ms/step | ~13 min left in epoch | rec 0.00105 lpips 0.0262 lr 1.56e-04
  step 31800 (146/1666 this epoch) | 489 ms/step | ~12 min left in epoch | rec 0.00103 lpips 0.0256 lr 1.56e-04
  step 31900 (246/1666 this epoch) | 489 ms/step | ~12 min left in epoch | rec 0.00103 lpips 0.0254 lr 1.55e-04
  step 32000 (346/1666 this epoch) | 489 ms/step | ~11 min left in epoch | rec 0.00104 lpips 0.0257 lr 1.55e-04
  step 32100 (446/1666 this epoch) | 489 ms/step | ~10 min left in epoch | rec 0.00104 lpips 0.0257 lr 1.55e-04
  step 32200 (546/1666 this epoch) | 489 ms/step | ~9 min left in epoch | rec 0.00104 lpips 0.0256 lr 1.54e-04
  step 32300 (646/1666 this epoch) | 489 ms/step | ~8 min left in epoch | rec 0.00104 lpips 0.0255 lr 1.54e-04
  step 32400 (746/1666 this epoch) | 489 ms/step | ~8 min left in epoch | rec 0.00103 lpips 0.0255 lr 1.54e-04
  step 32500 (846/1666 this epoch) | 489 ms/step | ~7 min left in epoch | rec 0.00103 lpips 0.0255 lr 1.53e-04
  step 32600 (946/1666 this epoch) | 489 ms/step | ~6 min left in epoch | rec 0.00103 lpips 0.0255 lr 1.53e-04
  step 32700 (1046/1666 this epoch) | 489 ms/step | ~5 min left in epoch | rec 0.00103 lpips 0.0255 lr 1.52e-04
  step 32800 (1146/1666 this epoch) | 489 ms/step | ~4 min left in epoch | rec 0.00103 lpips 0.0255 lr 1.52e-04
  step 32900 (1246/1666 this epoch) | 489 ms/step | ~3 min left in epoch | rec 0.00103 lpips 0.0255 lr 1.52e-04
  step 33000 (1346/1666 this epoch) | 489 ms/step | ~3 min left in epoch | rec 0.00103 lpips 0.0255 lr 1.51e-04
  step 33100 (1446/1666 this epoch) | 489 ms/step | ~2 min left in epoch | rec 0.00103 lpips 0.0255 lr 1.51e-04
  step 33200 (1546/1666 this epoch) | 489 ms/step | ~1 min left in epoch | rec 0.00103 lpips 0.0255 lr 1.51e-04
  step 33300 (1646/1666 this epoch) | 489 ms/step | ~0 min left in epoch | rec 0.00103 lpips 0.0254 lr 1.50e-04
[vae_miniwan_womd] ep  20/50 train rec 0.001031 LPIPS 0.0254 KL 0.590 (815s) | val PSNR 30.419 LPIPS 0.0247 MSE 0.000997  *best*
  step 33400 (80/1666 this epoch) | 491 ms/step | ~13 min left in epoch | rec 0.00100 lpips 0.0251 lr 1.50e-04
  step 33500 (180/1666 this epoch) | 490 ms/step | ~12 min left in epoch | rec 0.00102 lpips 0.0251 lr 1.50e-04
  step 33600 (280/1666 this epoch) | 489 ms/step | ~11 min left in epoch | rec 0.00103 lpips 0.0254 lr 1.49e-04
  step 33700 (380/1666 this epoch) | 489 ms/step | ~10 min left in epoch | rec 0.00103 lpips 0.0253 lr 1.49e-04
  step 33800 (480/1666 this epoch) | 489 ms/step | ~10 min left in epoch | rec 0.00103 lpips 0.0252 lr 1.49e-04
  step 33900 (580/1666 this epoch) | 489 ms/step | ~9 min left in epoch | rec 0.00102 lpips 0.0251 lr 1.48e-04
  step 34000 (680/1666 this epoch) | 489 ms/step | ~8 min left in epoch | rec 0.00102 lpips 0.0251 lr 1.48e-04
  step 34100 (780/1666 this epoch) | 490 ms/step | ~7 min left in epoch | rec 0.00102 lpips 0.0251 lr 1.47e-04
  step 34200 (880/1666 this epoch) | 490 ms/step | ~6 min left in epoch | rec 0.00102 lpips 0.0251 lr 1.47e-04
  step 34300 (980/1666 this epoch) | 490 ms/step | ~6 min left in epoch | rec 0.00102 lpips 0.0251 lr 1.47e-04
  step 34400 (1080/1666 this epoch) | 490 ms/step | ~5 min left in epoch | rec 0.00102 lpips 0.0251 lr 1.46e-04
  step 34500 (1180/1666 this epoch) | 490 ms/step | ~4 min left in epoch | rec 0.00102 lpips 0.0251 lr 1.46e-04
  step 34600 (1280/1666 this epoch) | 490 ms/step | ~3 min left in epoch | rec 0.00102 lpips 0.0251 lr 1.46e-04
  step 34700 (1380/1666 this epoch) | 490 ms/step | ~2 min left in epoch | rec 0.00102 lpips 0.0251 lr 1.45e-04
  step 34800 (1480/1666 this epoch) | 490 ms/step | ~2 min left in epoch | rec 0.00102 lpips 0.0251 lr 1.45e-04
  step 34900 (1580/1666 this epoch) | 490 ms/step | ~1 min left in epoch | rec 0.00102 lpips 0.0251 lr 1.44e-04
[vae_miniwan_womd] ep  21/50 train rec 0.001018 LPIPS 0.0251 KL 0.591 (816s) | val PSNR 30.500 LPIPS 0.0243 MSE 0.000978  *best*
  step 35000 (14/1666 this epoch) | 494 ms/step | ~14 min left in epoch | rec 0.00101 lpips 0.0241 lr 1.44e-04
  step 35100 (114/1666 this epoch) | 490 ms/step | ~13 min left in epoch | rec 0.00100 lpips 0.0247 lr 1.44e-04
  step 35200 (214/1666 this epoch) | 489 ms/step | ~12 min left in epoch | rec 0.00099 lpips 0.0246 lr 1.43e-04
  step 35300 (314/1666 this epoch) | 489 ms/step | ~11 min left in epoch | rec 0.00100 lpips 0.0248 lr 1.43e-04
  step 35400 (414/1666 this epoch) | 489 ms/step | ~10 min left in epoch | rec 0.00100 lpips 0.0248 lr 1.43e-04
  step 35500 (514/1666 this epoch) | 489 ms/step | ~9 min left in epoch | rec 0.00099 lpips 0.0247 lr 1.42e-04
  step 35600 (614/1666 this epoch) | 489 ms/step | ~9 min left in epoch | rec 0.00099 lpips 0.0247 lr 1.42e-04
  step 35700 (714/1666 this epoch) | 489 ms/step | ~8 min left in epoch | rec 0.00100 lpips 0.0246 lr 1.41e-04
  step 35800 (814/1666 this epoch) | 489 ms/step | ~7 min left in epoch | rec 0.00100 lpips 0.0247 lr 1.41e-04
  step 35900 (914/1666 this epoch) | 489 ms/step | ~6 min left in epoch | rec 0.00100 lpips 0.0247 lr 1.41e-04
  step 36000 (1014/1666 this epoch) | 489 ms/step | ~5 min left in epoch | rec 0.00100 lpips 0.0247 lr 1.40e-04
  step 36100 (1114/1666 this epoch) | 489 ms/step | ~5 min left in epoch | rec 0.00100 lpips 0.0247 lr 1.40e-04
  step 36200 (1214/1666 this epoch) | 489 ms/step | ~4 min left in epoch | rec 0.00101 lpips 0.0247 lr 1.40e-04
  step 36300 (1314/1666 this epoch) | 489 ms/step | ~3 min left in epoch | rec 0.00101 lpips 0.0247 lr 1.39e-04
  step 36400 (1414/1666 this epoch) | 489 ms/step | ~2 min left in epoch | rec 0.00101 lpips 0.0247 lr 1.39e-04
  step 36500 (1514/1666 this epoch) | 489 ms/step | ~1 min left in epoch | rec 0.00100 lpips 0.0247 lr 1.38e-04
  step 36600 (1614/1666 this epoch) | 489 ms/step | ~0 min left in epoch | rec 0.00101 lpips 0.0247 lr 1.38e-04
[vae_miniwan_womd] ep  22/50 train rec 0.001007 LPIPS 0.0247 KL 0.592 (816s) | val PSNR 30.560 LPIPS 0.0239 MSE 0.000964  *best*
  step 36700 (48/1666 this epoch) | 491 ms/step | ~13 min left in epoch | rec 0.00099 lpips 0.0239 lr 1.38e-04
  step 36800 (148/1666 this epoch) | 491 ms/step | ~12 min left in epoch | rec 0.00098 lpips 0.0241 lr 1.37e-04
  step 36900 (248/1666 this epoch) | 490 ms/step | ~12 min left in epoch | rec 0.00098 lpips 0.0242 lr 1.37e-04
  step 37000 (348/1666 this epoch) | 490 ms/step | ~11 min left in epoch | rec 0.00098 lpips 0.0241 lr 1.36e-04
  step 37100 (448/1666 this epoch) | 490 ms/step | ~10 min left in epoch | rec 0.00097 lpips 0.0241 lr 1.36e-04
  step 37200 (548/1666 this epoch) | 489 ms/step | ~9 min left in epoch | rec 0.00098 lpips 0.0242 lr 1.36e-04
  step 37300 (648/1666 this epoch) | 490 ms/step | ~8 min left in epoch | rec 0.00098 lpips 0.0242 lr 1.35e-04
  step 37400 (748/1666 this epoch) | 490 ms/step | ~7 min left in epoch | rec 0.00099 lpips 0.0242 lr 1.35e-04
  step 37500 (848/1666 this epoch) | 490 ms/step | ~7 min left in epoch | rec 0.00098 lpips 0.0242 lr 1.34e-04
  step 37600 (948/1666 this epoch) | 490 ms/step | ~6 min left in epoch | rec 0.00098 lpips 0.0243 lr 1.34e-04
  step 37700 (1048/1666 this epoch) | 490 ms/step | ~5 min left in epoch | rec 0.00098 lpips 0.0243 lr 1.34e-04
  step 37800 (1148/1666 this epoch) | 490 ms/step | ~4 min left in epoch | rec 0.00098 lpips 0.0243 lr 1.33e-04
  step 37900 (1248/1666 this epoch) | 490 ms/step | ~3 min left in epoch | rec 0.00098 lpips 0.0243 lr 1.33e-04
  step 38000 (1348/1666 this epoch) | 490 ms/step | ~3 min left in epoch | rec 0.00098 lpips 0.0242 lr 1.33e-04
  step 38100 (1448/1666 this epoch) | 490 ms/step | ~2 min left in epoch | rec 0.00098 lpips 0.0242 lr 1.32e-04
  step 38200 (1548/1666 this epoch) | 490 ms/step | ~1 min left in epoch | rec 0.00098 lpips 0.0242 lr 1.32e-04
  step 38300 (1648/1666 this epoch) | 490 ms/step | ~0 min left in epoch | rec 0.00098 lpips 0.0242 lr 1.31e-04
[vae_miniwan_womd] ep  23/50 train rec 0.000981 LPIPS 0.0242 KL 0.590 (816s) | val PSNR 30.605 LPIPS 0.0238 MSE 0.000953  *best*
  step 38400 (82/1666 this epoch) | 490 ms/step | ~13 min left in epoch | rec 0.00096 lpips 0.0234 lr 1.31e-04
  step 38500 (182/1666 this epoch) | 489 ms/step | ~12 min left in epoch | rec 0.00098 lpips 0.0238 lr 1.31e-04
  step 38600 (282/1666 this epoch) | 489 ms/step | ~11 min left in epoch | rec 0.00097 lpips 0.0238 lr 1.30e-04
  step 38700 (382/1666 this epoch) | 489 ms/step | ~10 min left in epoch | rec 0.00098 lpips 0.0238 lr 1.30e-04
  step 38800 (482/1666 this epoch) | 489 ms/step | ~10 min left in epoch | rec 0.00098 lpips 0.0238 lr 1.29e-04
  step 38900 (582/1666 this epoch) | 489 ms/step | ~9 min left in epoch | rec 0.00098 lpips 0.0238 lr 1.29e-04
  step 39000 (682/1666 this epoch) | 489 ms/step | ~8 min left in epoch | rec 0.00098 lpips 0.0239 lr 1.29e-04
  step 39100 (782/1666 this epoch) | 489 ms/step | ~7 min left in epoch | rec 0.00098 lpips 0.0239 lr 1.28e-04
  step 39200 (882/1666 this epoch) | 489 ms/step | ~6 min left in epoch | rec 0.00098 lpips 0.0240 lr 1.28e-04
  step 39300 (982/1666 this epoch) | 489 ms/step | ~6 min left in epoch | rec 0.00098 lpips 0.0239 lr 1.27e-04
  step 39400 (1082/1666 this epoch) | 489 ms/step | ~5 min left in epoch | rec 0.00098 lpips 0.0239 lr 1.27e-04
  step 39500 (1182/1666 this epoch) | 489 ms/step | ~4 min left in epoch | rec 0.00098 lpips 0.0239 lr 1.27e-04
  step 39600 (1282/1666 this epoch) | 489 ms/step | ~3 min left in epoch | rec 0.00098 lpips 0.0239 lr 1.26e-04
  step 39700 (1382/1666 this epoch) | 489 ms/step | ~2 min left in epoch | rec 0.00098 lpips 0.0239 lr 1.26e-04
  step 39800 (1482/1666 this epoch) | 489 ms/step | ~1 min left in epoch | rec 0.00098 lpips 0.0239 lr 1.25e-04
  step 39900 (1582/1666 this epoch) | 489 ms/step | ~1 min left in epoch | rec 0.00098 lpips 0.0238 lr 1.25e-04
[vae_miniwan_womd] ep  24/50 train rec 0.000978 LPIPS 0.0238 KL 0.591 (815s) | val PSNR 30.690 LPIPS 0.0232 MSE 0.000935  *best*
  step 40000 (16/1666 this epoch) | 494 ms/step | ~14 min left in epoch | rec 0.00098 lpips 0.0235 lr 1.25e-04
  step 40100 (116/1666 this epoch) | 489 ms/step | ~13 min left in epoch | rec 0.00098 lpips 0.0236 lr 1.24e-04
  step 40200 (216/1666 this epoch) | 489 ms/step | ~12 min left in epoch | rec 0.00097 lpips 0.0234 lr 1.24e-04
  step 40300 (316/1666 this epoch) | 489 ms/step | ~11 min left in epoch | rec 0.00097 lpips 0.0236 lr 1.23e-04
  step 40400 (416/1666 this epoch) | 489 ms/step | ~10 min left in epoch | rec 0.00097 lpips 0.0236 lr 1.23e-04
  step 40500 (516/1666 this epoch) | 489 ms/step | ~9 min left in epoch | rec 0.00097 lpips 0.0235 lr 1.22e-04
  step 40600 (616/1666 this epoch) | 489 ms/step | ~9 min left in epoch | rec 0.00097 lpips 0.0235 lr 1.22e-04
  step 40700 (716/1666 this epoch) | 489 ms/step | ~8 min left in epoch | rec 0.00096 lpips 0.0235 lr 1.22e-04
  step 40800 (816/1666 this epoch) | 489 ms/step | ~7 min left in epoch | rec 0.00096 lpips 0.0235 lr 1.21e-04
  step 40900 (916/1666 this epoch) | 489 ms/step | ~6 min left in epoch | rec 0.00096 lpips 0.0235 lr 1.21e-04
  step 41000 (1016/1666 this epoch) | 489 ms/step | ~5 min left in epoch | rec 0.00096 lpips 0.0235 lr 1.20e-04
  step 41100 (1116/1666 this epoch) | 489 ms/step | ~4 min left in epoch | rec 0.00096 lpips 0.0235 lr 1.20e-04
  step 41200 (1216/1666 this epoch) | 489 ms/step | ~4 min left in epoch | rec 0.00096 lpips 0.0235 lr 1.20e-04
  step 41300 (1316/1666 this epoch) | 489 ms/step | ~3 min left in epoch | rec 0.00096 lpips 0.0235 lr 1.19e-04
  step 41400 (1416/1666 this epoch) | 489 ms/step | ~2 min left in epoch | rec 0.00096 lpips 0.0235 lr 1.19e-04
  step 41500 (1516/1666 this epoch) | 489 ms/step | ~1 min left in epoch | rec 0.00096 lpips 0.0235 lr 1.18e-04
  step 41600 (1616/1666 this epoch) | 489 ms/step | ~0 min left in epoch | rec 0.00096 lpips 0.0236 lr 1.18e-04
[vae_miniwan_womd] ep  25/50 train rec 0.000961 LPIPS 0.0235 KL 0.590 (815s) | val PSNR 30.703 LPIPS 0.0228 MSE 0.000932  *best*
  step 41700 (50/1666 this epoch) | 491 ms/step | ~13 min left in epoch | rec 0.00096 lpips 0.0233 lr 1.18e-04
  step 41800 (150/1666 this epoch) | 489 ms/step | ~12 min left in epoch | rec 0.00097 lpips 0.0236 lr 1.17e-04
  step 41900 (250/1666 this epoch) | 489 ms/step | ~12 min left in epoch | rec 0.00096 lpips 0.0235 lr 1.17e-04
  step 42000 (350/1666 this epoch) | 489 ms/step | ~11 min left in epoch | rec 0.00096 lpips 0.0235 lr 1.16e-04
  step 42100 (450/1666 this epoch) | 489 ms/step | ~10 min left in epoch | rec 0.00096 lpips 0.0235 lr 1.16e-04
  step 42200 (550/1666 this epoch) | 489 ms/step | ~9 min left in epoch | rec 0.00097 lpips 0.0235 lr 1.16e-04
  step 42300 (650/1666 this epoch) | 490 ms/step | ~8 min left in epoch | rec 0.00096 lpips 0.0234 lr 1.15e-04
  step 42400 (750/1666 this epoch) | 490 ms/step | ~7 min left in epoch | rec 0.00096 lpips 0.0233 lr 1.15e-04
  step 42500 (850/1666 this epoch) | 490 ms/step | ~7 min left in epoch | rec 0.00096 lpips 0.0234 lr 1.14e-04
  step 42600 (950/1666 this epoch) | 490 ms/step | ~6 min left in epoch | rec 0.00096 lpips 0.0233 lr 1.14e-04
  step 42700 (1050/1666 this epoch) | 490 ms/step | ~5 min left in epoch | rec 0.00096 lpips 0.0233 lr 1.13e-04
  step 42800 (1150/1666 this epoch) | 490 ms/step | ~4 min left in epoch | rec 0.00096 lpips 0.0233 lr 1.13e-04
  step 42900 (1250/1666 this epoch) | 490 ms/step | ~3 min left in epoch | rec 0.00096 lpips 0.0233 lr 1.13e-04
  step 43000 (1350/1666 this epoch) | 490 ms/step | ~3 min left in epoch | rec 0.00096 lpips 0.0233 lr 1.12e-04
  step 43100 (1450/1666 this epoch) | 490 ms/step | ~2 min left in epoch | rec 0.00096 lpips 0.0233 lr 1.12e-04
  step 43200 (1550/1666 this epoch) | 490 ms/step | ~1 min left in epoch | rec 0.00096 lpips 0.0233 lr 1.11e-04
  step 43300 (1650/1666 this epoch) | 490 ms/step | ~0 min left in epoch | rec 0.00096 lpips 0.0233 lr 1.11e-04
[vae_miniwan_womd] ep  26/50 train rec 0.000959 LPIPS 0.0233 KL 0.591 (816s) | val PSNR 30.757 LPIPS 0.0225 MSE 0.000921  *best*
  step 43400 (84/1666 this epoch) | 490 ms/step | ~13 min left in epoch | rec 0.00097 lpips 0.0234 lr 1.11e-04
  step 43500 (184/1666 this epoch) | 489 ms/step | ~12 min left in epoch | rec 0.00094 lpips 0.0231 lr 1.10e-04
  step 43600 (284/1666 this epoch) | 489 ms/step | ~11 min left in epoch | rec 0.00095 lpips 0.0231 lr 1.10e-04
  step 43700 (384/1666 this epoch) | 490 ms/step | ~10 min left in epoch | rec 0.00095 lpips 0.0232 lr 1.09e-04
  step 43800 (484/1666 this epoch) | 490 ms/step | ~10 min left in epoch | rec 0.00095 lpips 0.0230 lr 1.09e-04
  step 43900 (584/1666 this epoch) | 490 ms/step | ~9 min left in epoch | rec 0.00095 lpips 0.0231 lr 1.08e-04
  step 44000 (684/1666 this epoch) | 490 ms/step | ~8 min left in epoch | rec 0.00095 lpips 0.0231 lr 1.08e-04
  step 44100 (784/1666 this epoch) | 490 ms/step | ~7 min left in epoch | rec 0.00095 lpips 0.0231 lr 1.08e-04
  step 44200 (884/1666 this epoch) | 490 ms/step | ~6 min left in epoch | rec 0.00095 lpips 0.0230 lr 1.07e-04
  step 44300 (984/1666 this epoch) | 490 ms/step | ~6 min left in epoch | rec 0.00095 lpips 0.0230 lr 1.07e-04
  step 44400 (1084/1666 this epoch) | 490 ms/step | ~5 min left in epoch | rec 0.00095 lpips 0.0230 lr 1.06e-04
  step 44500 (1184/1666 this epoch) | 490 ms/step | ~4 min left in epoch | rec 0.00095 lpips 0.0230 lr 1.06e-04
  step 44600 (1284/1666 this epoch) | 490 ms/step | ~3 min left in epoch | rec 0.00095 lpips 0.0230 lr 1.06e-04
  step 44700 (1384/1666 this epoch) | 490 ms/step | ~2 min left in epoch | rec 0.00095 lpips 0.0230 lr 1.05e-04
  step 44800 (1484/1666 this epoch) | 490 ms/step | ~1 min left in epoch | rec 0.00095 lpips 0.0230 lr 1.05e-04
  step 44900 (1584/1666 this epoch) | 490 ms/step | ~1 min left in epoch | rec 0.00095 lpips 0.0230 lr 1.04e-04
[vae_miniwan_womd] ep  27/50 train rec 0.000945 LPIPS 0.0230 KL 0.590 (816s) | val PSNR 30.794 LPIPS 0.0224 MSE 0.000912  *best*
  step 45000 (18/1666 this epoch) | 495 ms/step | ~14 min left in epoch | rec 0.00091 lpips 0.0226 lr 1.04e-04
  step 45100 (118/1666 this epoch) | 489 ms/step | ~13 min left in epoch | rec 0.00092 lpips 0.0226 lr 1.03e-04
  step 45200 (218/1666 this epoch) | 489 ms/step | ~12 min left in epoch | rec 0.00093 lpips 0.0227 lr 1.03e-04
  step 45300 (318/1666 this epoch) | 489 ms/step | ~11 min left in epoch | rec 0.00093 lpips 0.0228 lr 1.03e-04
  step 45400 (418/1666 this epoch) | 489 ms/step | ~10 min left in epoch | rec 0.00094 lpips 0.0228 lr 1.02e-04
  step 45500 (518/1666 this epoch) | 489 ms/step | ~9 min left in epoch | rec 0.00093 lpips 0.0227 lr 1.02e-04
  step 45600 (618/1666 this epoch) | 489 ms/step | ~9 min left in epoch | rec 0.00093 lpips 0.0227 lr 1.01e-04
  step 45700 (718/1666 this epoch) | 489 ms/step | ~8 min left in epoch | rec 0.00093 lpips 0.0227 lr 1.01e-04
  step 45800 (818/1666 this epoch) | 489 ms/step | ~7 min left in epoch | rec 0.00093 lpips 0.0228 lr 1.01e-04
  step 45900 (918/1666 this epoch) | 490 ms/step | ~6 min left in epoch | rec 0.00093 lpips 0.0227 lr 1.00e-04
  step 46000 (1018/1666 this epoch) | 490 ms/step | ~5 min left in epoch | rec 0.00093 lpips 0.0227 lr 9.97e-05
  step 46100 (1118/1666 this epoch) | 490 ms/step | ~4 min left in epoch | rec 0.00093 lpips 0.0227 lr 9.93e-05
  step 46200 (1218/1666 this epoch) | 490 ms/step | ~4 min left in epoch | rec 0.00093 lpips 0.0227 lr 9.89e-05
  step 46300 (1318/1666 this epoch) | 490 ms/step | ~3 min left in epoch | rec 0.00093 lpips 0.0227 lr 9.85e-05
  step 46400 (1418/1666 this epoch) | 490 ms/step | ~2 min left in epoch | rec 0.00093 lpips 0.0227 lr 9.81e-05
  step 46500 (1518/1666 this epoch) | 490 ms/step | ~1 min left in epoch | rec 0.00093 lpips 0.0227 lr 9.76e-05
  step 46600 (1618/1666 this epoch) | 490 ms/step | ~0 min left in epoch | rec 0.00093 lpips 0.0227 lr 9.72e-05
[vae_miniwan_womd] ep  28/50 train rec 0.000930 LPIPS 0.0227 KL 0.588 (816s) | val PSNR 30.854 LPIPS 0.0222 MSE 0.000900  *best*
  step 46700 (52/1666 this epoch) | 493 ms/step | ~13 min left in epoch | rec 0.00093 lpips 0.0224 lr 9.68e-05
  step 46800 (152/1666 this epoch) | 491 ms/step | ~12 min left in epoch | rec 0.00095 lpips 0.0226 lr 9.64e-05
  step 46900 (252/1666 this epoch) | 490 ms/step | ~12 min left in epoch | rec 0.00095 lpips 0.0228 lr 9.60e-05
  step 47000 (352/1666 this epoch) | 490 ms/step | ~11 min left in epoch | rec 0.00095 lpips 0.0226 lr 9.56e-05
  step 47100 (452/1666 this epoch) | 490 ms/step | ~10 min left in epoch | rec 0.00094 lpips 0.0226 lr 9.51e-05
  step 47200 (552/1666 this epoch) | 490 ms/step | ~9 min left in epoch | rec 0.00094 lpips 0.0226 lr 9.47e-05
  step 47300 (652/1666 this epoch) | 490 ms/step | ~8 min left in epoch | rec 0.00094 lpips 0.0226 lr 9.43e-05
  step 47400 (752/1666 this epoch) | 490 ms/step | ~7 min left in epoch | rec 0.00094 lpips 0.0226 lr 9.39e-05
  step 47500 (852/1666 this epoch) | 490 ms/step | ~7 min left in epoch | rec 0.00093 lpips 0.0225 lr 9.35e-05
  step 47600 (952/1666 this epoch) | 491 ms/step | ~6 min left in epoch | rec 0.00093 lpips 0.0225 lr 9.31e-05
  step 47700 (1052/1666 this epoch) | 491 ms/step | ~5 min left in epoch | rec 0.00093 lpips 0.0225 lr 9.27e-05
  step 47800 (1152/1666 this epoch) | 491 ms/step | ~4 min left in epoch | rec 0.00093 lpips 0.0225 lr 9.22e-05
  step 47900 (1252/1666 this epoch) | 491 ms/step | ~3 min left in epoch | rec 0.00093 lpips 0.0225 lr 9.18e-05
  step 48000 (1352/1666 this epoch) | 490 ms/step | ~3 min left in epoch | rec 0.00093 lpips 0.0225 lr 9.14e-05
  step 48100 (1452/1666 this epoch) | 490 ms/step | ~2 min left in epoch | rec 0.00093 lpips 0.0225 lr 9.10e-05
  step 48200 (1552/1666 this epoch) | 490 ms/step | ~1 min left in epoch | rec 0.00093 lpips 0.0225 lr 9.06e-05
  step 48300 (1652/1666 this epoch) | 490 ms/step | ~0 min left in epoch | rec 0.00093 lpips 0.0225 lr 9.02e-05
[vae_miniwan_womd] ep  29/50 train rec 0.000929 LPIPS 0.0225 KL 0.589 (817s) | val PSNR 30.881 LPIPS 0.0220 MSE 0.000895  *best*
  step 48400 (86/1666 this epoch) | 491 ms/step | ~13 min left in epoch | rec 0.00095 lpips 0.0226 lr 8.97e-05
  step 48500 (186/1666 this epoch) | 490 ms/step | ~12 min left in epoch | rec 0.00094 lpips 0.0225 lr 8.93e-05
  step 48600 (286/1666 this epoch) | 490 ms/step | ~11 min left in epoch | rec 0.00093 lpips 0.0224 lr 8.89e-05
  step 48700 (386/1666 this epoch) | 490 ms/step | ~10 min left in epoch | rec 0.00093 lpips 0.0224 lr 8.85e-05
  step 48800 (486/1666 this epoch) | 490 ms/step | ~10 min left in epoch | rec 0.00092 lpips 0.0224 lr 8.81e-05
  step 48900 (586/1666 this epoch) | 490 ms/step | ~9 min left in epoch | rec 0.00092 lpips 0.0223 lr 8.77e-05
  step 49000 (686/1666 this epoch) | 490 ms/step | ~8 min left in epoch | rec 0.00092 lpips 0.0222 lr 8.73e-05
  step 49100 (786/1666 this epoch) | 490 ms/step | ~7 min left in epoch | rec 0.00092 lpips 0.0222 lr 8.69e-05
  step 49200 (886/1666 this epoch) | 490 ms/step | ~6 min left in epoch | rec 0.00092 lpips 0.0223 lr 8.64e-05
  step 49300 (986/1666 this epoch) | 490 ms/step | ~6 min left in epoch | rec 0.00092 lpips 0.0223 lr 8.60e-05
  step 49400 (1086/1666 this epoch) | 490 ms/step | ~5 min left in epoch | rec 0.00092 lpips 0.0223 lr 8.56e-05
  step 49500 (1186/1666 this epoch) | 490 ms/step | ~4 min left in epoch | rec 0.00092 lpips 0.0222 lr 8.52e-05
  step 49600 (1286/1666 this epoch) | 490 ms/step | ~3 min left in epoch | rec 0.00092 lpips 0.0223 lr 8.48e-05
  step 49700 (1386/1666 this epoch) | 490 ms/step | ~2 min left in epoch | rec 0.00092 lpips 0.0222 lr 8.44e-05
  step 49800 (1486/1666 this epoch) | 490 ms/step | ~1 min left in epoch | rec 0.00092 lpips 0.0222 lr 8.40e-05
  step 49900 (1586/1666 this epoch) | 490 ms/step | ~1 min left in epoch | rec 0.00092 lpips 0.0222 lr 8.36e-05
[vae_miniwan_womd] ep  30/50 train rec 0.000916 LPIPS 0.0222 KL 0.588 (816s) | val PSNR 30.899 LPIPS 0.0218 MSE 0.000890  *best*
  step 50000 (20/1666 this epoch) | 495 ms/step | ~14 min left in epoch | rec 0.00087 lpips 0.0221 lr 8.31e-05
  step 50100 (120/1666 this epoch) | 491 ms/step | ~13 min left in epoch | rec 0.00092 lpips 0.0220 lr 8.27e-05
  step 50200 (220/1666 this epoch) | 490 ms/step | ~12 min left in epoch | rec 0.00092 lpips 0.0221 lr 8.23e-05
  step 50300 (320/1666 this epoch) | 490 ms/step | ~11 min left in epoch | rec 0.00093 lpips 0.0221 lr 8.19e-05
  step 50400 (420/1666 this epoch) | 490 ms/step | ~10 min left in epoch | rec 0.00092 lpips 0.0221 lr 8.15e-05
  step 50500 (520/1666 this epoch) | 490 ms/step | ~9 min left in epoch | rec 0.00092 lpips 0.0221 lr 8.11e-05
  step 50600 (620/1666 this epoch) | 490 ms/step | ~9 min left in epoch | rec 0.00092 lpips 0.0221 lr 8.07e-05
  step 50700 (720/1666 this epoch) | 490 ms/step | ~8 min left in epoch | rec 0.00092 lpips 0.0221 lr 8.03e-05
  step 50800 (820/1666 this epoch) | 490 ms/step | ~7 min left in epoch | rec 0.00092 lpips 0.0221 lr 7.99e-05
  step 50900 (920/1666 this epoch) | 490 ms/step | ~6 min left in epoch | rec 0.00092 lpips 0.0221 lr 7.95e-05
  step 51000 (1020/1666 this epoch) | 490 ms/step | ~5 min left in epoch | rec 0.00092 lpips 0.0221 lr 7.91e-05
  step 51100 (1120/1666 this epoch) | 490 ms/step | ~4 min left in epoch | rec 0.00092 lpips 0.0221 lr 7.86e-05
  step 51200 (1220/1666 this epoch) | 490 ms/step | ~4 min left in epoch | rec 0.00092 lpips 0.0221 lr 7.82e-05
  step 51300 (1320/1666 this epoch) | 490 ms/step | ~3 min left in epoch | rec 0.00092 lpips 0.0221 lr 7.78e-05
  step 51400 (1420/1666 this epoch) | 490 ms/step | ~2 min left in epoch | rec 0.00092 lpips 0.0221 lr 7.74e-05
  step 51500 (1520/1666 this epoch) | 490 ms/step | ~1 min left in epoch | rec 0.00092 lpips 0.0221 lr 7.70e-05
  step 51600 (1620/1666 this epoch) | 490 ms/step | ~0 min left in epoch | rec 0.00092 lpips 0.0221 lr 7.66e-05
[vae_miniwan_womd] ep  31/50 train rec 0.000918 LPIPS 0.0221 KL 0.588 (817s) | val PSNR 30.922 LPIPS 0.0215 MSE 0.000886  *best*
  step 51700 (54/1666 this epoch) | 492 ms/step | ~13 min left in epoch | rec 0.00086 lpips 0.0218 lr 7.62e-05
  step 51800 (154/1666 this epoch) | 491 ms/step | ~12 min left in epoch | rec 0.00090 lpips 0.0219 lr 7.58e-05
  step 51900 (254/1666 this epoch) | 490 ms/step | ~12 min left in epoch | rec 0.00090 lpips 0.0218 lr 7.54e-05
  step 52000 (354/1666 this epoch) | 491 ms/step | ~11 min left in epoch | rec 0.00090 lpips 0.0218 lr 7.50e-05
  step 52100 (454/1666 this epoch) | 491 ms/step | ~10 min left in epoch | rec 0.00090 lpips 0.0219 lr 7.46e-05
  step 52200 (554/1666 this epoch) | 491 ms/step | ~9 min left in epoch | rec 0.00091 lpips 0.0219 lr 7.42e-05
  step 52300 (654/1666 this epoch) | 491 ms/step | ~8 min left in epoch | rec 0.00091 lpips 0.0219 lr 7.38e-05
  step 52400 (754/1666 this epoch) | 491 ms/step | ~7 min left in epoch | rec 0.00091 lpips 0.0219 lr 7.34e-05
  step 52500 (854/1666 this epoch) | 491 ms/step | ~7 min left in epoch | rec 0.00091 lpips 0.0219 lr 7.30e-05
  step 52600 (954/1666 this epoch) | 491 ms/step | ~6 min left in epoch | rec 0.00091 lpips 0.0219 lr 7.26e-05
  step 52700 (1054/1666 this epoch) | 491 ms/step | ~5 min left in epoch | rec 0.00091 lpips 0.0219 lr 7.22e-05
  step 52800 (1154/1666 this epoch) | 491 ms/step | ~4 min left in epoch | rec 0.00091 lpips 0.0219 lr 7.18e-05
  step 52900 (1254/1666 this epoch) | 491 ms/step | ~3 min left in epoch | rec 0.00091 lpips 0.0219 lr 7.14e-05
  step 53000 (1354/1666 this epoch) | 490 ms/step | ~3 min left in epoch | rec 0.00091 lpips 0.0219 lr 7.10e-05
  step 53100 (1454/1666 this epoch) | 490 ms/step | ~2 min left in epoch | rec 0.00091 lpips 0.0219 lr 7.06e-05
  step 53200 (1554/1666 this epoch) | 490 ms/step | ~1 min left in epoch | rec 0.00091 lpips 0.0219 lr 7.02e-05
  step 53300 (1654/1666 this epoch) | 490 ms/step | ~0 min left in epoch | rec 0.00091 lpips 0.0220 lr 6.98e-05
[vae_miniwan_womd] ep  32/50 train rec 0.000906 LPIPS 0.0220 KL 0.587 (817s) | val PSNR 30.896 LPIPS 0.0221 MSE 0.000889
  step 53400 (88/1666 this epoch) | 492 ms/step | ~13 min left in epoch | rec 0.00091 lpips 0.0220 lr 6.94e-05
  step 53500 (188/1666 this epoch) | 491 ms/step | ~12 min left in epoch | rec 0.00091 lpips 0.0219 lr 6.90e-05
  step 53600 (288/1666 this epoch) | 490 ms/step | ~11 min left in epoch | rec 0.00091 lpips 0.0219 lr 6.86e-05
  step 53700 (388/1666 this epoch) | 490 ms/step | ~10 min left in epoch | rec 0.00091 lpips 0.0219 lr 6.82e-05
  step 53800 (488/1666 this epoch) | 490 ms/step | ~10 min left in epoch | rec 0.00091 lpips 0.0218 lr 6.78e-05
  step 53900 (588/1666 this epoch) | 490 ms/step | ~9 min left in epoch | rec 0.00090 lpips 0.0217 lr 6.74e-05
  step 54000 (688/1666 this epoch) | 490 ms/step | ~8 min left in epoch | rec 0.00091 lpips 0.0218 lr 6.70e-05
  step 54100 (788/1666 this epoch) | 490 ms/step | ~7 min left in epoch | rec 0.00091 lpips 0.0218 lr 6.66e-05
  step 54200 (888/1666 this epoch) | 490 ms/step | ~6 min left in epoch | rec 0.00091 lpips 0.0217 lr 6.63e-05
  step 54300 (988/1666 this epoch) | 490 ms/step | ~6 min left in epoch | rec 0.00091 lpips 0.0217 lr 6.59e-05
  step 54400 (1088/1666 this epoch) | 490 ms/step | ~5 min left in epoch | rec 0.00091 lpips 0.0217 lr 6.55e-05
  step 54500 (1188/1666 this epoch) | 490 ms/step | ~4 min left in epoch | rec 0.00090 lpips 0.0217 lr 6.51e-05
  step 54600 (1288/1666 this epoch) | 490 ms/step | ~3 min left in epoch | rec 0.00090 lpips 0.0217 lr 6.47e-05
  step 54700 (1388/1666 this epoch) | 490 ms/step | ~2 min left in epoch | rec 0.00090 lpips 0.0217 lr 6.43e-05
  step 54800 (1488/1666 this epoch) | 490 ms/step | ~1 min left in epoch | rec 0.00090 lpips 0.0217 lr 6.39e-05
  step 54900 (1588/1666 this epoch) | 490 ms/step | ~1 min left in epoch | rec 0.00090 lpips 0.0217 lr 6.35e-05
[vae_miniwan_womd] ep  33/50 train rec 0.000897 LPIPS 0.0216 KL 0.587 (816s) | val PSNR 30.962 LPIPS 0.0213 MSE 0.000878  *best*
  step 55000 (22/1666 this epoch) | 493 ms/step | ~13 min left in epoch | rec 0.00085 lpips 0.0211 lr 6.31e-05
  step 55100 (122/1666 this epoch) | 491 ms/step | ~13 min left in epoch | rec 0.00087 lpips 0.0216 lr 6.28e-05
  step 55200 (222/1666 this epoch) | 491 ms/step | ~12 min left in epoch | rec 0.00087 lpips 0.0212 lr 6.24e-05
  step 55300 (322/1666 this epoch) | 491 ms/step | ~11 min left in epoch | rec 0.00089 lpips 0.0215 lr 6.20e-05
  step 55400 (422/1666 this epoch) | 490 ms/step | ~10 min left in epoch | rec 0.00089 lpips 0.0215 lr 6.16e-05
  step 55500 (522/1666 this epoch) | 490 ms/step | ~9 min left in epoch | rec 0.00089 lpips 0.0215 lr 6.12e-05
  step 55600 (622/1666 this epoch) | 490 ms/step | ~9 min left in epoch | rec 0.00089 lpips 0.0215 lr 6.08e-05
  step 55700 (722/1666 this epoch) | 490 ms/step | ~8 min left in epoch | rec 0.00089 lpips 0.0215 lr 6.05e-05
  step 55800 (822/1666 this epoch) | 490 ms/step | ~7 min left in epoch | rec 0.00090 lpips 0.0216 lr 6.01e-05
  step 55900 (922/1666 this epoch) | 490 ms/step | ~6 min left in epoch | rec 0.00090 lpips 0.0216 lr 5.97e-05
  step 56000 (1022/1666 this epoch) | 490 ms/step | ~5 min left in epoch | rec 0.00090 lpips 0.0216 lr 5.93e-05
  step 56100 (1122/1666 this epoch) | 490 ms/step | ~4 min left in epoch | rec 0.00090 lpips 0.0216 lr 5.89e-05
  step 56200 (1222/1666 this epoch) | 490 ms/step | ~4 min left in epoch | rec 0.00090 lpips 0.0216 lr 5.86e-05
  step 56300 (1322/1666 this epoch) | 490 ms/step | ~3 min left in epoch | rec 0.00090 lpips 0.0217 lr 5.82e-05
  step 56400 (1422/1666 this epoch) | 490 ms/step | ~2 min left in epoch | rec 0.00090 lpips 0.0217 lr 5.78e-05
  step 56500 (1522/1666 this epoch) | 490 ms/step | ~1 min left in epoch | rec 0.00090 lpips 0.0216 lr 5.74e-05
  step 56600 (1622/1666 this epoch) | 490 ms/step | ~0 min left in epoch | rec 0.00090 lpips 0.0217 lr 5.71e-05
[vae_miniwan_womd] ep  34/50 train rec 0.000899 LPIPS 0.0216 KL 0.587 (817s) | val PSNR 31.009 LPIPS 0.0212 MSE 0.000868  *best*
  step 56700 (56/1666 this epoch) | 491 ms/step | ~13 min left in epoch | rec 0.00088 lpips 0.0212 lr 5.67e-05
  step 56800 (156/1666 this epoch) | 490 ms/step | ~12 min left in epoch | rec 0.00089 lpips 0.0214 lr 5.63e-05
  step 56900 (256/1666 this epoch) | 490 ms/step | ~12 min left in epoch | rec 0.00089 lpips 0.0215 lr 5.59e-05
  step 57000 (356/1666 this epoch) | 490 ms/step | ~11 min left in epoch | rec 0.00089 lpips 0.0215 lr 5.56e-05
  step 57100 (456/1666 this epoch) | 490 ms/step | ~10 min left in epoch | rec 0.00089 lpips 0.0216 lr 5.52e-05
  step 57200 (556/1666 this epoch) | 490 ms/step | ~9 min left in epoch | rec 0.00089 lpips 0.0215 lr 5.48e-05
  step 57300 (656/1666 this epoch) | 490 ms/step | ~8 min left in epoch | rec 0.00089 lpips 0.0214 lr 5.44e-05
  step 57400 (756/1666 this epoch) | 490 ms/step | ~7 min left in epoch | rec 0.00089 lpips 0.0215 lr 5.41e-05
  step 57500 (856/1666 this epoch) | 490 ms/step | ~7 min left in epoch | rec 0.00089 lpips 0.0215 lr 5.37e-05
  step 57600 (956/1666 this epoch) | 490 ms/step | ~6 min left in epoch | rec 0.00089 lpips 0.0214 lr 5.33e-05
  step 57700 (1056/1666 this epoch) | 490 ms/step | ~5 min left in epoch | rec 0.00089 lpips 0.0215 lr 5.30e-05
  step 57800 (1156/1666 this epoch) | 490 ms/step | ~4 min left in epoch | rec 0.00089 lpips 0.0214 lr 5.26e-05
  step 57900 (1256/1666 this epoch) | 490 ms/step | ~3 min left in epoch | rec 0.00089 lpips 0.0214 lr 5.22e-05
  step 58000 (1356/1666 this epoch) | 490 ms/step | ~3 min left in epoch | rec 0.00089 lpips 0.0214 lr 5.19e-05
  step 58100 (1456/1666 this epoch) | 490 ms/step | ~2 min left in epoch | rec 0.00089 lpips 0.0214 lr 5.15e-05
  step 58200 (1556/1666 this epoch) | 490 ms/step | ~1 min left in epoch | rec 0.00089 lpips 0.0214 lr 5.12e-05
  step 58300 (1656/1666 this epoch) | 490 ms/step | ~0 min left in epoch | rec 0.00089 lpips 0.0214 lr 5.08e-05
[vae_miniwan_womd] ep  35/50 train rec 0.000888 LPIPS 0.0214 KL 0.587 (816s) | val PSNR 31.031 LPIPS 0.0208 MSE 0.000863  *best*
  step 58400 (90/1666 this epoch) | 491 ms/step | ~13 min left in epoch | rec 0.00089 lpips 0.0214 lr 5.04e-05
  step 58500 (190/1666 this epoch) | 491 ms/step | ~12 min left in epoch | rec 0.00089 lpips 0.0214 lr 5.01e-05
  step 58600 (290/1666 this epoch) | 490 ms/step | ~11 min left in epoch | rec 0.00089 lpips 0.0214 lr 4.97e-05
  step 58700 (390/1666 this epoch) | 490 ms/step | ~10 min left in epoch | rec 0.00089 lpips 0.0213 lr 4.94e-05
  step 58800 (490/1666 this epoch) | 490 ms/step | ~10 min left in epoch | rec 0.00088 lpips 0.0213 lr 4.90e-05
  step 58900 (590/1666 this epoch) | 489 ms/step | ~9 min left in epoch | rec 0.00088 lpips 0.0212 lr 4.86e-05
  step 59000 (690/1666 this epoch) | 489 ms/step | ~8 min left in epoch | rec 0.00088 lpips 0.0212 lr 4.83e-05
  step 59100 (790/1666 this epoch) | 489 ms/step | ~7 min left in epoch | rec 0.00088 lpips 0.0212 lr 4.79e-05
  step 59200 (890/1666 this epoch) | 489 ms/step | ~6 min left in epoch | rec 0.00088 lpips 0.0212 lr 4.76e-05
  step 59300 (990/1666 this epoch) | 489 ms/step | ~6 min left in epoch | rec 0.00088 lpips 0.0212 lr 4.72e-05
  step 59400 (1090/1666 this epoch) | 489 ms/step | ~5 min left in epoch | rec 0.00088 lpips 0.0212 lr 4.69e-05
  step 59500 (1190/1666 this epoch) | 489 ms/step | ~4 min left in epoch | rec 0.00088 lpips 0.0212 lr 4.65e-05
  step 59600 (1290/1666 this epoch) | 489 ms/step | ~3 min left in epoch | rec 0.00088 lpips 0.0212 lr 4.62e-05
  step 59700 (1390/1666 this epoch) | 489 ms/step | ~2 min left in epoch | rec 0.00088 lpips 0.0212 lr 4.58e-05
  step 59800 (1490/1666 this epoch) | 489 ms/step | ~1 min left in epoch | rec 0.00088 lpips 0.0212 lr 4.55e-05
  step 59900 (1590/1666 this epoch) | 490 ms/step | ~1 min left in epoch | rec 0.00088 lpips 0.0212 lr 4.51e-05
[vae_miniwan_womd] ep  36/50 train rec 0.000877 LPIPS 0.0212 KL 0.586 (816s) | val PSNR 31.071 LPIPS 0.0208 MSE 0.000856  *best*
  step 60000 (24/1666 this epoch) | 492 ms/step | ~13 min left in epoch | rec 0.00088 lpips 0.0212 lr 4.48e-05
  step 60100 (124/1666 this epoch) | 490 ms/step | ~13 min left in epoch | rec 0.00087 lpips 0.0209 lr 4.44e-05
  step 60200 (224/1666 this epoch) | 490 ms/step | ~12 min left in epoch | rec 0.00087 lpips 0.0211 lr 4.41e-05
  step 60300 (324/1666 this epoch) | 490 ms/step | ~11 min left in epoch | rec 0.00088 lpips 0.0211 lr 4.37e-05
  step 60400 (424/1666 this epoch) | 490 ms/step | ~10 min left in epoch | rec 0.00088 lpips 0.0211 lr 4.34e-05
  step 60500 (524/1666 this epoch) | 490 ms/step | ~9 min left in epoch | rec 0.00088 lpips 0.0211 lr 4.31e-05
  step 60600 (624/1666 this epoch) | 490 ms/step | ~9 min left in epoch | rec 0.00088 lpips 0.0212 lr 4.27e-05
  step 60700 (724/1666 this epoch) | 490 ms/step | ~8 min left in epoch | rec 0.00088 lpips 0.0212 lr 4.24e-05
  step 60800 (824/1666 this epoch) | 490 ms/step | ~7 min left in epoch | rec 0.00088 lpips 0.0212 lr 4.20e-05
  step 60900 (924/1666 this epoch) | 490 ms/step | ~6 min left in epoch | rec 0.00088 lpips 0.0212 lr 4.17e-05
  step 61000 (1024/1666 this epoch) | 490 ms/step | ~5 min left in epoch | rec 0.00088 lpips 0.0212 lr 4.14e-05
  step 61100 (1124/1666 this epoch) | 490 ms/step | ~4 min left in epoch | rec 0.00088 lpips 0.0212 lr 4.10e-05
  step 61200 (1224/1666 this epoch) | 490 ms/step | ~4 min left in epoch | rec 0.00088 lpips 0.0212 lr 4.07e-05
  step 61300 (1324/1666 this epoch) | 490 ms/step | ~3 min left in epoch | rec 0.00088 lpips 0.0212 lr 4.04e-05
  step 61400 (1424/1666 this epoch) | 490 ms/step | ~2 min left in epoch | rec 0.00088 lpips 0.0212 lr 4.00e-05
  step 61500 (1524/1666 this epoch) | 490 ms/step | ~1 min left in epoch | rec 0.00088 lpips 0.0212 lr 3.97e-05
  step 61600 (1624/1666 this epoch) | 490 ms/step | ~0 min left in epoch | rec 0.00088 lpips 0.0212 lr 3.94e-05
[vae_miniwan_womd] ep  37/50 train rec 0.000884 LPIPS 0.0212 KL 0.587 (816s) | val PSNR 31.087 LPIPS 0.0208 MSE 0.000853  *best*
  step 61700 (58/1666 this epoch) | 490 ms/step | ~13 min left in epoch | rec 0.00091 lpips 0.0216 lr 3.91e-05
  step 61800 (158/1666 this epoch) | 490 ms/step | ~12 min left in epoch | rec 0.00089 lpips 0.0213 lr 3.87e-05
  step 61900 (258/1666 this epoch) | 490 ms/step | ~11 min left in epoch | rec 0.00088 lpips 0.0211 lr 3.84e-05
  step 62000 (358/1666 this epoch) | 490 ms/step | ~11 min left in epoch | rec 0.00087 lpips 0.0211 lr 3.81e-05
  step 62100 (458/1666 this epoch) | 490 ms/step | ~10 min left in epoch | rec 0.00087 lpips 0.0211 lr 3.78e-05
  step 62200 (558/1666 this epoch) | 489 ms/step | ~9 min left in epoch | rec 0.00087 lpips 0.0211 lr 3.74e-05
  step 62300 (658/1666 this epoch) | 489 ms/step | ~8 min left in epoch | rec 0.00088 lpips 0.0211 lr 3.71e-05
  step 62400 (758/1666 this epoch) | 489 ms/step | ~7 min left in epoch | rec 0.00087 lpips 0.0211 lr 3.68e-05
  step 62500 (858/1666 this epoch) | 489 ms/step | ~7 min left in epoch | rec 0.00088 lpips 0.0211 lr 3.65e-05
  step 62600 (958/1666 this epoch) | 489 ms/step | ~6 min left in epoch | rec 0.00088 lpips 0.0211 lr 3.61e-05
  step 62700 (1058/1666 this epoch) | 489 ms/step | ~5 min left in epoch | rec 0.00088 lpips 0.0211 lr 3.58e-05
  step 62800 (1158/1666 this epoch) | 489 ms/step | ~4 min left in epoch | rec 0.00088 lpips 0.0211 lr 3.55e-05
  step 62900 (1258/1666 this epoch) | 489 ms/step | ~3 min left in epoch | rec 0.00088 lpips 0.0211 lr 3.52e-05
  step 63000 (1358/1666 this epoch) | 489 ms/step | ~3 min left in epoch | rec 0.00088 lpips 0.0211 lr 3.49e-05
  step 63100 (1458/1666 this epoch) | 489 ms/step | ~2 min left in epoch | rec 0.00088 lpips 0.0211 lr 3.46e-05
  step 63200 (1558/1666 this epoch) | 490 ms/step | ~1 min left in epoch | rec 0.00088 lpips 0.0210 lr 3.43e-05
  step 63300 (1658/1666 this epoch) | 490 ms/step | ~0 min left in epoch | rec 0.00088 lpips 0.0210 lr 3.39e-05
[vae_miniwan_womd] ep  38/50 train rec 0.000879 LPIPS 0.0210 KL 0.589 (816s) | val PSNR 31.110 LPIPS 0.0206 MSE 0.000848  *best*
  step 63400 (92/1666 this epoch) | 490 ms/step | ~13 min left in epoch | rec 0.00086 lpips 0.0209 lr 3.36e-05
  step 63500 (192/1666 this epoch) | 490 ms/step | ~12 min left in epoch | rec 0.00086 lpips 0.0208 lr 3.33e-05
  step 63600 (292/1666 this epoch) | 490 ms/step | ~11 min left in epoch | rec 0.00088 lpips 0.0209 lr 3.30e-05
  step 63700 (392/1666 this epoch) | 490 ms/step | ~10 min left in epoch | rec 0.00087 lpips 0.0209 lr 3.27e-05
  step 63800 (492/1666 this epoch) | 489 ms/step | ~10 min left in epoch | rec 0.00087 lpips 0.0209 lr 3.24e-05
  step 63900 (592/1666 this epoch) | 490 ms/step | ~9 min left in epoch | rec 0.00088 lpips 0.0210 lr 3.21e-05
  step 64000 (692/1666 this epoch) | 490 ms/step | ~8 min left in epoch | rec 0.00087 lpips 0.0209 lr 3.18e-05
  step 64100 (792/1666 this epoch) | 490 ms/step | ~7 min left in epoch | rec 0.00087 lpips 0.0209 lr 3.15e-05
  step 64200 (892/1666 this epoch) | 490 ms/step | ~6 min left in epoch | rec 0.00087 lpips 0.0209 lr 3.12e-05
  step 64300 (992/1666 this epoch) | 490 ms/step | ~6 min left in epoch | rec 0.00087 lpips 0.0209 lr 3.09e-05
  step 64400 (1092/1666 this epoch) | 490 ms/step | ~5 min left in epoch | rec 0.00087 lpips 0.0209 lr 3.06e-05
  step 64500 (1192/1666 this epoch) | 490 ms/step | ~4 min left in epoch | rec 0.00087 lpips 0.0209 lr 3.03e-05
  step 64600 (1292/1666 this epoch) | 490 ms/step | ~3 min left in epoch | rec 0.00087 lpips 0.0209 lr 3.00e-05
  step 64700 (1392/1666 this epoch) | 490 ms/step | ~2 min left in epoch | rec 0.00087 lpips 0.0209 lr 2.97e-05
  step 64800 (1492/1666 this epoch) | 490 ms/step | ~1 min left in epoch | rec 0.00088 lpips 0.0209 lr 2.94e-05
  step 64900 (1592/1666 this epoch) | 490 ms/step | ~1 min left in epoch | rec 0.00088 lpips 0.0210 lr 2.91e-05
[vae_miniwan_womd] ep  39/50 train rec 0.000876 LPIPS 0.0210 KL 0.588 (816s) | val PSNR 31.119 LPIPS 0.0205 MSE 0.000846  *best*
  step 65000 (26/1666 this epoch) | 493 ms/step | ~13 min left in epoch | rec 0.00089 lpips 0.0207 lr 2.89e-05
  step 65100 (126/1666 this epoch) | 490 ms/step | ~13 min left in epoch | rec 0.00087 lpips 0.0209 lr 2.86e-05
  step 65200 (226/1666 this epoch) | 490 ms/step | ~12 min left in epoch | rec 0.00087 lpips 0.0209 lr 2.83e-05
  step 65300 (326/1666 this epoch) | 491 ms/step | ~11 min left in epoch | rec 0.00088 lpips 0.0209 lr 2.80e-05
  step 65400 (426/1666 this epoch) | 490 ms/step | ~10 min left in epoch | rec 0.00088 lpips 0.0210 lr 2.77e-05
  step 65500 (526/1666 this epoch) | 490 ms/step | ~9 min left in epoch | rec 0.00088 lpips 0.0210 lr 2.74e-05
  step 65600 (626/1666 this epoch) | 490 ms/step | ~8 min left in epoch | rec 0.00088 lpips 0.0210 lr 2.71e-05
  step 65700 (726/1666 this epoch) | 490 ms/step | ~8 min left in epoch | rec 0.00088 lpips 0.0210 lr 2.69e-05
  step 65800 (826/1666 this epoch) | 490 ms/step | ~7 min left in epoch | rec 0.00088 lpips 0.0210 lr 2.66e-05
  step 65900 (926/1666 this epoch) | 490 ms/step | ~6 min left in epoch | rec 0.00088 lpips 0.0210 lr 2.63e-05
  step 66000 (1026/1666 this epoch) | 490 ms/step | ~5 min left in epoch | rec 0.00088 lpips 0.0210 lr 2.60e-05
  step 66100 (1126/1666 this epoch) | 490 ms/step | ~4 min left in epoch | rec 0.00088 lpips 0.0209 lr 2.57e-05
  step 66200 (1226/1666 this epoch) | 490 ms/step | ~4 min left in epoch | rec 0.00088 lpips 0.0210 lr 2.55e-05
  step 66300 (1326/1666 this epoch) | 490 ms/step | ~3 min left in epoch | rec 0.00088 lpips 0.0209 lr 2.52e-05
  step 66400 (1426/1666 this epoch) | 490 ms/step | ~2 min left in epoch | rec 0.00088 lpips 0.0209 lr 2.49e-05
  step 66500 (1526/1666 this epoch) | 490 ms/step | ~1 min left in epoch | rec 0.00088 lpips 0.0209 lr 2.47e-05
  step 66600 (1626/1666 this epoch) | 490 ms/step | ~0 min left in epoch | rec 0.00087 lpips 0.0209 lr 2.44e-05
[vae_miniwan_womd] ep  40/50 train rec 0.000874 LPIPS 0.0209 KL 0.589 (816s) | val PSNR 31.145 LPIPS 0.0204 MSE 0.000841  *best*
  step 66700 (60/1666 this epoch) | 492 ms/step | ~13 min left in epoch | rec 0.00087 lpips 0.0205 lr 2.41e-05
  step 66800 (160/1666 this epoch) | 490 ms/step | ~12 min left in epoch | rec 0.00088 lpips 0.0209 lr 2.39e-05
  step 66900 (260/1666 this epoch) | 490 ms/step | ~11 min left in epoch | rec 0.00087 lpips 0.0208 lr 2.36e-05
  step 67000 (360/1666 this epoch) | 490 ms/step | ~11 min left in epoch | rec 0.00087 lpips 0.0208 lr 2.33e-05
  step 67100 (460/1666 this epoch) | 490 ms/step | ~10 min left in epoch | rec 0.00087 lpips 0.0208 lr 2.31e-05
  step 67200 (560/1666 this epoch) | 490 ms/step | ~9 min left in epoch | rec 0.00087 lpips 0.0207 lr 2.28e-05
  step 67300 (660/1666 this epoch) | 489 ms/step | ~8 min left in epoch | rec 0.00087 lpips 0.0207 lr 2.25e-05
  step 67400 (760/1666 this epoch) | 490 ms/step | ~7 min left in epoch | rec 0.00087 lpips 0.0207 lr 2.23e-05
  step 67500 (860/1666 this epoch) | 490 ms/step | ~7 min left in epoch | rec 0.00087 lpips 0.0207 lr 2.20e-05
  step 67600 (960/1666 this epoch) | 489 ms/step | ~6 min left in epoch | rec 0.00087 lpips 0.0207 lr 2.18e-05
  step 67700 (1060/1666 this epoch) | 490 ms/step | ~5 min left in epoch | rec 0.00087 lpips 0.0207 lr 2.15e-05
  step 67800 (1160/1666 this epoch) | 490 ms/step | ~4 min left in epoch | rec 0.00087 lpips 0.0207 lr 2.13e-05
  step 67900 (1260/1666 this epoch) | 490 ms/step | ~3 min left in epoch | rec 0.00087 lpips 0.0207 lr 2.10e-05
  step 68000 (1360/1666 this epoch) | 489 ms/step | ~2 min left in epoch | rec 0.00087 lpips 0.0207 lr 2.08e-05
  step 68100 (1460/1666 this epoch) | 489 ms/step | ~2 min left in epoch | rec 0.00087 lpips 0.0207 lr 2.05e-05
  step 68200 (1560/1666 this epoch) | 490 ms/step | ~1 min left in epoch | rec 0.00087 lpips 0.0207 lr 2.03e-05
  step 68300 (1660/1666 this epoch) | 490 ms/step | ~0 min left in epoch | rec 0.00087 lpips 0.0207 lr 2.00e-05
[vae_miniwan_womd] ep  41/50 train rec 0.000870 LPIPS 0.0207 KL 0.588 (816s) | val PSNR 31.154 LPIPS 0.0205 MSE 0.000840  *best*
  step 68400 (94/1666 this epoch) | 490 ms/step | ~13 min left in epoch | rec 0.00085 lpips 0.0206 lr 1.98e-05
  step 68500 (194/1666 this epoch) | 490 ms/step | ~12 min left in epoch | rec 0.00088 lpips 0.0209 lr 1.95e-05
  step 68600 (294/1666 this epoch) | 490 ms/step | ~11 min left in epoch | rec 0.00087 lpips 0.0208 lr 1.93e-05
  step 68700 (394/1666 this epoch) | 490 ms/step | ~10 min left in epoch | rec 0.00087 lpips 0.0208 lr 1.91e-05
  step 68800 (494/1666 this epoch) | 490 ms/step | ~10 min left in epoch | rec 0.00087 lpips 0.0208 lr 1.88e-05
  step 68900 (594/1666 this epoch) | 490 ms/step | ~9 min left in epoch | rec 0.00087 lpips 0.0208 lr 1.86e-05
  step 69000 (694/1666 this epoch) | 490 ms/step | ~8 min left in epoch | rec 0.00087 lpips 0.0208 lr 1.83e-05
  step 69100 (794/1666 this epoch) | 490 ms/step | ~7 min left in epoch | rec 0.00087 lpips 0.0208 lr 1.81e-05
  step 69200 (894/1666 this epoch) | 490 ms/step | ~6 min left in epoch | rec 0.00087 lpips 0.0208 lr 1.79e-05
  step 69300 (994/1666 this epoch) | 490 ms/step | ~5 min left in epoch | rec 0.00087 lpips 0.0208 lr 1.76e-05
  step 69400 (1094/1666 this epoch) | 490 ms/step | ~5 min left in epoch | rec 0.00087 lpips 0.0208 lr 1.74e-05
  step 69500 (1194/1666 this epoch) | 490 ms/step | ~4 min left in epoch | rec 0.00087 lpips 0.0208 lr 1.72e-05
  step 69600 (1294/1666 this epoch) | 490 ms/step | ~3 min left in epoch | rec 0.00087 lpips 0.0207 lr 1.70e-05
  step 69700 (1394/1666 this epoch) | 490 ms/step | ~2 min left in epoch | rec 0.00086 lpips 0.0207 lr 1.67e-05
  step 69800 (1494/1666 this epoch) | 490 ms/step | ~1 min left in epoch | rec 0.00086 lpips 0.0207 lr 1.65e-05
  step 69900 (1594/1666 this epoch) | 490 ms/step | ~1 min left in epoch | rec 0.00086 lpips 0.0207 lr 1.63e-05
[vae_miniwan_womd] ep  42/50 train rec 0.000865 LPIPS 0.0207 KL 0.588 (816s) | val PSNR 31.159 LPIPS 0.0203 MSE 0.000839  *best*
  step 70000 (28/1666 this epoch) | 491 ms/step | ~13 min left in epoch | rec 0.00094 lpips 0.0213 lr 1.61e-05
  step 70100 (128/1666 this epoch) | 489 ms/step | ~13 min left in epoch | rec 0.00089 lpips 0.0210 lr 1.58e-05
  step 70200 (228/1666 this epoch) | 490 ms/step | ~12 min left in epoch | rec 0.00088 lpips 0.0207 lr 1.56e-05
  step 70300 (328/1666 this epoch) | 489 ms/step | ~11 min left in epoch | rec 0.00087 lpips 0.0207 lr 1.54e-05
  step 70400 (428/1666 this epoch) | 489 ms/step | ~10 min left in epoch | rec 0.00088 lpips 0.0207 lr 1.52e-05
  step 70500 (528/1666 this epoch) | 489 ms/step | ~9 min left in epoch | rec 0.00087 lpips 0.0207 lr 1.50e-05
  step 70600 (628/1666 this epoch) | 489 ms/step | ~8 min left in epoch | rec 0.00088 lpips 0.0207 lr 1.48e-05
  step 70700 (728/1666 this epoch) | 489 ms/step | ~8 min left in epoch | rec 0.00087 lpips 0.0207 lr 1.46e-05
  step 70800 (828/1666 this epoch) | 489 ms/step | ~7 min left in epoch | rec 0.00087 lpips 0.0207 lr 1.43e-05
  step 70900 (928/1666 this epoch) | 489 ms/step | ~6 min left in epoch | rec 0.00087 lpips 0.0207 lr 1.41e-05
  step 71000 (1028/1666 this epoch) | 489 ms/step | ~5 min left in epoch | rec 0.00088 lpips 0.0208 lr 1.39e-05
  step 71100 (1128/1666 this epoch) | 490 ms/step | ~4 min left in epoch | rec 0.00087 lpips 0.0208 lr 1.37e-05
  step 71200 (1228/1666 this epoch) | 490 ms/step | ~4 min left in epoch | rec 0.00087 lpips 0.0207 lr 1.35e-05
  step 71300 (1328/1666 this epoch) | 490 ms/step | ~3 min left in epoch | rec 0.00087 lpips 0.0207 lr 1.33e-05
  step 71400 (1428/1666 this epoch) | 490 ms/step | ~2 min left in epoch | rec 0.00087 lpips 0.0207 lr 1.31e-05
  step 71500 (1528/1666 this epoch) | 490 ms/step | ~1 min left in epoch | rec 0.00087 lpips 0.0207 lr 1.29e-05
  step 71600 (1628/1666 this epoch) | 490 ms/step | ~0 min left in epoch | rec 0.00087 lpips 0.0207 lr 1.27e-05
[vae_miniwan_womd] ep  43/50 train rec 0.000871 LPIPS 0.0207 KL 0.589 (816s) | val PSNR 31.173 LPIPS 0.0203 MSE 0.000836  *best*
  step 71700 (62/1666 this epoch) | 491 ms/step | ~13 min left in epoch | rec 0.00092 lpips 0.0215 lr 1.25e-05
  step 71800 (162/1666 this epoch) | 490 ms/step | ~12 min left in epoch | rec 0.00088 lpips 0.0210 lr 1.23e-05
  step 71900 (262/1666 this epoch) | 490 ms/step | ~11 min left in epoch | rec 0.00086 lpips 0.0208 lr 1.21e-05
  step 72000 (362/1666 this epoch) | 490 ms/step | ~11 min left in epoch | rec 0.00086 lpips 0.0208 lr 1.20e-05
  step 72100 (462/1666 this epoch) | 490 ms/step | ~10 min left in epoch | rec 0.00086 lpips 0.0207 lr 1.18e-05
  step 72200 (562/1666 this epoch) | 490 ms/step | ~9 min left in epoch | rec 0.00086 lpips 0.0207 lr 1.16e-05
  step 72300 (662/1666 this epoch) | 490 ms/step | ~8 min left in epoch | rec 0.00086 lpips 0.0206 lr 1.14e-05
  step 72400 (762/1666 this epoch) | 490 ms/step | ~7 min left in epoch | rec 0.00086 lpips 0.0206 lr 1.12e-05
  step 72500 (862/1666 this epoch) | 490 ms/step | ~7 min left in epoch | rec 0.00086 lpips 0.0206 lr 1.10e-05
  step 72600 (962/1666 this epoch) | 490 ms/step | ~6 min left in epoch | rec 0.00086 lpips 0.0206 lr 1.08e-05
  step 72700 (1062/1666 this epoch) | 490 ms/step | ~5 min left in epoch | rec 0.00086 lpips 0.0207 lr 1.07e-05
  step 72800 (1162/1666 this epoch) | 490 ms/step | ~4 min left in epoch | rec 0.00086 lpips 0.0207 lr 1.05e-05
  step 72900 (1262/1666 this epoch) | 490 ms/step | ~3 min left in epoch | rec 0.00086 lpips 0.0207 lr 1.03e-05
  step 73000 (1362/1666 this epoch) | 490 ms/step | ~2 min left in epoch | rec 0.00086 lpips 0.0206 lr 1.01e-05
  step 73100 (1462/1666 this epoch) | 490 ms/step | ~2 min left in epoch | rec 0.00086 lpips 0.0206 lr 9.95e-06
  step 73200 (1562/1666 this epoch) | 490 ms/step | ~1 min left in epoch | rec 0.00086 lpips 0.0206 lr 9.78e-06
  step 73300 (1662/1666 this epoch) | 490 ms/step | ~0 min left in epoch | rec 0.00086 lpips 0.0206 lr 9.61e-06
[vae_miniwan_womd] ep  44/50 train rec 0.000860 LPIPS 0.0206 KL 0.588 (816s) | val PSNR 31.179 LPIPS 0.0203 MSE 0.000835  *best*
  step 73400 (96/1666 this epoch) | 489 ms/step | ~13 min left in epoch | rec 0.00088 lpips 0.0206 lr 9.44e-06
  step 73500 (196/1666 this epoch) | 490 ms/step | ~12 min left in epoch | rec 0.00087 lpips 0.0207 lr 9.27e-06
  step 73600 (296/1666 this epoch) | 490 ms/step | ~11 min left in epoch | rec 0.00087 lpips 0.0207 lr 9.11e-06
  step 73700 (396/1666 this epoch) | 490 ms/step | ~10 min left in epoch | rec 0.00087 lpips 0.0206 lr 8.94e-06
  step 73800 (496/1666 this epoch) | 490 ms/step | ~10 min left in epoch | rec 0.00086 lpips 0.0205 lr 8.78e-06
  step 73900 (596/1666 this epoch) | 489 ms/step | ~9 min left in epoch | rec 0.00086 lpips 0.0205 lr 8.62e-06
  step 74000 (696/1666 this epoch) | 489 ms/step | ~8 min left in epoch | rec 0.00086 lpips 0.0205 lr 8.46e-06
  step 74100 (796/1666 this epoch) | 489 ms/step | ~7 min left in epoch | rec 0.00086 lpips 0.0205 lr 8.30e-06
  step 74200 (896/1666 this epoch) | 489 ms/step | ~6 min left in epoch | rec 0.00086 lpips 0.0205 lr 8.15e-06
  step 74300 (996/1666 this epoch) | 489 ms/step | ~5 min left in epoch | rec 0.00086 lpips 0.0205 lr 7.99e-06
  step 74400 (1096/1666 this epoch) | 490 ms/step | ~5 min left in epoch | rec 0.00086 lpips 0.0205 lr 7.84e-06
  step 74500 (1196/1666 this epoch) | 490 ms/step | ~4 min left in epoch | rec 0.00086 lpips 0.0205 lr 7.69e-06
  step 74600 (1296/1666 this epoch) | 490 ms/step | ~3 min left in epoch | rec 0.00086 lpips 0.0205 lr 7.54e-06
  step 74700 (1396/1666 this epoch) | 489 ms/step | ~2 min left in epoch | rec 0.00086 lpips 0.0205 lr 7.39e-06
  step 74800 (1496/1666 this epoch) | 489 ms/step | ~1 min left in epoch | rec 0.00086 lpips 0.0205 lr 7.25e-06
  step 74900 (1596/1666 this epoch) | 489 ms/step | ~1 min left in epoch | rec 0.00086 lpips 0.0205 lr 7.10e-06
[vae_miniwan_womd] ep  45/50 train rec 0.000862 LPIPS 0.0205 KL 0.588 (815s) | val PSNR 31.191 LPIPS 0.0202 MSE 0.000832  *best*
  step 75000 (30/1666 this epoch) | 491 ms/step | ~13 min left in epoch | rec 0.00087 lpips 0.0205 lr 6.96e-06
  step 75100 (130/1666 this epoch) | 489 ms/step | ~13 min left in epoch | rec 0.00086 lpips 0.0205 lr 6.82e-06
  step 75200 (230/1666 this epoch) | 488 ms/step | ~12 min left in epoch | rec 0.00086 lpips 0.0205 lr 6.68e-06
  step 75300 (330/1666 this epoch) | 489 ms/step | ~11 min left in epoch | rec 0.00085 lpips 0.0204 lr 6.54e-06
  step 75400 (430/1666 this epoch) | 489 ms/step | ~10 min left in epoch | rec 0.00085 lpips 0.0204 lr 6.40e-06
  step 75500 (530/1666 this epoch) | 489 ms/step | ~9 min left in epoch | rec 0.00086 lpips 0.0205 lr 6.27e-06
  step 75600 (630/1666 this epoch) | 489 ms/step | ~8 min left in epoch | rec 0.00086 lpips 0.0206 lr 6.14e-06
  step 75700 (730/1666 this epoch) | 489 ms/step | ~8 min left in epoch | rec 0.00086 lpips 0.0205 lr 6.00e-06
  step 75800 (830/1666 this epoch) | 489 ms/step | ~7 min left in epoch | rec 0.00086 lpips 0.0205 lr 5.88e-06
  step 75900 (930/1666 this epoch) | 489 ms/step | ~6 min left in epoch | rec 0.00087 lpips 0.0205 lr 5.75e-06
  step 76000 (1030/1666 this epoch) | 489 ms/step | ~5 min left in epoch | rec 0.00087 lpips 0.0205 lr 5.62e-06
  step 76100 (1130/1666 this epoch) | 489 ms/step | ~4 min left in epoch | rec 0.00087 lpips 0.0205 lr 5.50e-06
  step 76200 (1230/1666 this epoch) | 489 ms/step | ~4 min left in epoch | rec 0.00087 lpips 0.0205 lr 5.37e-06
  step 76300 (1330/1666 this epoch) | 489 ms/step | ~3 min left in epoch | rec 0.00087 lpips 0.0205 lr 5.25e-06
  step 76400 (1430/1666 this epoch) | 489 ms/step | ~2 min left in epoch | rec 0.00087 lpips 0.0205 lr 5.13e-06
  step 76500 (1530/1666 this epoch) | 489 ms/step | ~1 min left in epoch | rec 0.00087 lpips 0.0205 lr 5.01e-06
  step 76600 (1630/1666 this epoch) | 489 ms/step | ~0 min left in epoch | rec 0.00087 lpips 0.0205 lr 4.90e-06
[vae_miniwan_womd] ep  46/50 train rec 0.000868 LPIPS 0.0205 KL 0.589 (815s) | val PSNR 31.191 LPIPS 0.0201 MSE 0.000832  *best*
  step 76700 (64/1666 this epoch) | 490 ms/step | ~13 min left in epoch | rec 0.00087 lpips 0.0208 lr 4.78e-06
  step 76800 (164/1666 this epoch) | 490 ms/step | ~12 min left in epoch | rec 0.00088 lpips 0.0207 lr 4.67e-06
  step 76900 (264/1666 this epoch) | 490 ms/step | ~11 min left in epoch | rec 0.00087 lpips 0.0206 lr 4.56e-06
  step 77000 (364/1666 this epoch) | 490 ms/step | ~11 min left in epoch | rec 0.00086 lpips 0.0205 lr 4.45e-06
  step 77100 (464/1666 this epoch) | 490 ms/step | ~10 min left in epoch | rec 0.00087 lpips 0.0205 lr 4.34e-06
  step 77200 (564/1666 this epoch) | 490 ms/step | ~9 min left in epoch | rec 0.00086 lpips 0.0205 lr 4.23e-06
  step 77300 (664/1666 this epoch) | 490 ms/step | ~8 min left in epoch | rec 0.00086 lpips 0.0205 lr 4.13e-06
  step 77400 (764/1666 this epoch) | 490 ms/step | ~7 min left in epoch | rec 0.00086 lpips 0.0205 lr 4.03e-06
  step 77500 (864/1666 this epoch) | 490 ms/step | ~7 min left in epoch | rec 0.00086 lpips 0.0205 lr 3.93e-06
  step 77600 (964/1666 this epoch) | 490 ms/step | ~6 min left in epoch | rec 0.00087 lpips 0.0205 lr 3.83e-06
  step 77700 (1064/1666 this epoch) | 490 ms/step | ~5 min left in epoch | rec 0.00087 lpips 0.0205 lr 3.73e-06
  step 77800 (1164/1666 this epoch) | 490 ms/step | ~4 min left in epoch | rec 0.00087 lpips 0.0205 lr 3.63e-06
  step 77900 (1264/1666 this epoch) | 490 ms/step | ~3 min left in epoch | rec 0.00087 lpips 0.0205 lr 3.54e-06
  step 78000 (1364/1666 this epoch) | 490 ms/step | ~2 min left in epoch | rec 0.00087 lpips 0.0206 lr 3.44e-06
  step 78100 (1464/1666 this epoch) | 489 ms/step | ~2 min left in epoch | rec 0.00087 lpips 0.0205 lr 3.35e-06
  step 78200 (1564/1666 this epoch) | 489 ms/step | ~1 min left in epoch | rec 0.00087 lpips 0.0205 lr 3.26e-06
  step 78300 (1664/1666 this epoch) | 490 ms/step | ~0 min left in epoch | rec 0.00087 lpips 0.0205 lr 3.18e-06
[vae_miniwan_womd] ep  47/50 train rec 0.000865 LPIPS 0.0205 KL 0.588 (816s) | val PSNR 31.194 LPIPS 0.0201 MSE 0.000832  *best*
  step 78400 (98/1666 this epoch) | 490 ms/step | ~13 min left in epoch | rec 0.00086 lpips 0.0204 lr 3.09e-06
  step 78500 (198/1666 this epoch) | 490 ms/step | ~12 min left in epoch | rec 0.00086 lpips 0.0204 lr 3.01e-06
  step 78600 (298/1666 this epoch) | 490 ms/step | ~11 min left in epoch | rec 0.00087 lpips 0.0204 lr 2.92e-06
  step 78700 (398/1666 this epoch) | 490 ms/step | ~10 min left in epoch | rec 0.00086 lpips 0.0203 lr 2.84e-06
  step 78800 (498/1666 this epoch) | 490 ms/step | ~10 min left in epoch | rec 0.00086 lpips 0.0203 lr 2.76e-06
  step 78900 (598/1666 this epoch) | 490 ms/step | ~9 min left in epoch | rec 0.00086 lpips 0.0203 lr 2.69e-06
  step 79000 (698/1666 this epoch) | 490 ms/step | ~8 min left in epoch | rec 0.00086 lpips 0.0204 lr 2.61e-06
  step 79100 (798/1666 this epoch) | 490 ms/step | ~7 min left in epoch | rec 0.00086 lpips 0.0203 lr 2.54e-06
  step 79200 (898/1666 this epoch) | 490 ms/step | ~6 min left in epoch | rec 0.00086 lpips 0.0204 lr 2.47e-06
  step 79300 (998/1666 this epoch) | 490 ms/step | ~5 min left in epoch | rec 0.00086 lpips 0.0203 lr 2.40e-06
  step 79400 (1098/1666 this epoch) | 490 ms/step | ~5 min left in epoch | rec 0.00086 lpips 0.0204 lr 2.33e-06
  step 79500 (1198/1666 this epoch) | 490 ms/step | ~4 min left in epoch | rec 0.00086 lpips 0.0204 lr 2.26e-06
  step 79600 (1298/1666 this epoch) | 490 ms/step | ~3 min left in epoch | rec 0.00086 lpips 0.0204 lr 2.19e-06
  step 79700 (1398/1666 this epoch) | 490 ms/step | ~2 min left in epoch | rec 0.00086 lpips 0.0204 lr 2.13e-06
  step 79800 (1498/1666 this epoch) | 490 ms/step | ~1 min left in epoch | rec 0.00086 lpips 0.0204 lr 2.07e-06
  step 79900 (1598/1666 this epoch) | 490 ms/step | ~1 min left in epoch | rec 0.00086 lpips 0.0204 lr 2.01e-06
[vae_miniwan_womd] ep  48/50 train rec 0.000858 LPIPS 0.0204 KL 0.589 (816s) | val PSNR 31.197 LPIPS 0.0201 MSE 0.000831  *best*
  step 80000 (32/1666 this epoch) | 493 ms/step | ~13 min left in epoch | rec 0.00084 lpips 0.0201 lr 1.95e-06
  step 80100 (132/1666 this epoch) | 491 ms/step | ~13 min left in epoch | rec 0.00086 lpips 0.0204 lr 1.89e-06
  step 80200 (232/1666 this epoch) | 490 ms/step | ~12 min left in epoch | rec 0.00087 lpips 0.0204 lr 1.84e-06
  step 80300 (332/1666 this epoch) | 490 ms/step | ~11 min left in epoch | rec 0.00087 lpips 0.0205 lr 1.79e-06
  step 80400 (432/1666 this epoch) | 490 ms/step | ~10 min left in epoch | rec 0.00087 lpips 0.0205 lr 1.73e-06
  step 80500 (532/1666 this epoch) | 490 ms/step | ~9 min left in epoch | rec 0.00087 lpips 0.0206 lr 1.68e-06
  step 80600 (632/1666 this epoch) | 490 ms/step | ~8 min left in epoch | rec 0.00087 lpips 0.0205 lr 1.64e-06
  step 80700 (732/1666 this epoch) | 490 ms/step | ~8 min left in epoch | rec 0.00087 lpips 0.0205 lr 1.59e-06
  step 80800 (832/1666 this epoch) | 490 ms/step | ~7 min left in epoch | rec 0.00087 lpips 0.0205 lr 1.55e-06
  step 80900 (932/1666 this epoch) | 490 ms/step | ~6 min left in epoch | rec 0.00087 lpips 0.0205 lr 1.50e-06
  step 81000 (1032/1666 this epoch) | 490 ms/step | ~5 min left in epoch | rec 0.00087 lpips 0.0205 lr 1.46e-06
  step 81100 (1132/1666 this epoch) | 490 ms/step | ~4 min left in epoch | rec 0.00087 lpips 0.0205 lr 1.42e-06
  step 81200 (1232/1666 this epoch) | 490 ms/step | ~4 min left in epoch | rec 0.00087 lpips 0.0205 lr 1.39e-06
  step 81300 (1332/1666 this epoch) | 490 ms/step | ~3 min left in epoch | rec 0.00087 lpips 0.0205 lr 1.35e-06
  step 81400 (1432/1666 this epoch) | 490 ms/step | ~2 min left in epoch | rec 0.00086 lpips 0.0205 lr 1.32e-06
  step 81500 (1532/1666 this epoch) | 490 ms/step | ~1 min left in epoch | rec 0.00087 lpips 0.0205 lr 1.28e-06
  step 81600 (1632/1666 this epoch) | 490 ms/step | ~0 min left in epoch | rec 0.00086 lpips 0.0205 lr 1.25e-06
[vae_miniwan_womd] ep  49/50 train rec 0.000863 LPIPS 0.0205 KL 0.589 (817s) | val PSNR 31.200 LPIPS 0.0201 MSE 0.000831
  step 81700 (66/1666 this epoch) | 490 ms/step | ~13 min left in epoch | rec 0.00083 lpips 0.0200 lr 1.22e-06
  step 81800 (166/1666 this epoch) | 489 ms/step | ~12 min left in epoch | rec 0.00083 lpips 0.0201 lr 1.20e-06
  step 81900 (266/1666 this epoch) | 489 ms/step | ~11 min left in epoch | rec 0.00084 lpips 0.0201 lr 1.17e-06
  step 82000 (366/1666 this epoch) | 490 ms/step | ~11 min left in epoch | rec 0.00084 lpips 0.0202 lr 1.15e-06
  step 82100 (466/1666 this epoch) | 490 ms/step | ~10 min left in epoch | rec 0.00084 lpips 0.0202 lr 1.13e-06
  step 82200 (566/1666 this epoch) | 490 ms/step | ~9 min left in epoch | rec 0.00084 lpips 0.0202 lr 1.11e-06
  step 82300 (666/1666 this epoch) | 490 ms/step | ~8 min left in epoch | rec 0.00085 lpips 0.0203 lr 1.09e-06
  step 82400 (766/1666 this epoch) | 491 ms/step | ~7 min left in epoch | rec 0.00085 lpips 0.0203 lr 1.07e-06
  step 82500 (866/1666 this epoch) | 491 ms/step | ~7 min left in epoch | rec 0.00085 lpips 0.0204 lr 1.06e-06
  step 82600 (966/1666 this epoch) | 490 ms/step | ~6 min left in epoch | rec 0.00086 lpips 0.0204 lr 1.04e-06
  step 82700 (1066/1666 this epoch) | 490 ms/step | ~5 min left in epoch | rec 0.00086 lpips 0.0204 lr 1.03e-06
  step 82800 (1166/1666 this epoch) | 490 ms/step | ~4 min left in epoch | rec 0.00086 lpips 0.0204 lr 1.02e-06
  step 82900 (1266/1666 this epoch) | 490 ms/step | ~3 min left in epoch | rec 0.00086 lpips 0.0204 lr 1.01e-06
  step 83000 (1366/1666 this epoch) | 490 ms/step | ~2 min left in epoch | rec 0.00086 lpips 0.0204 lr 1.01e-06
  step 83100 (1466/1666 this epoch) | 490 ms/step | ~2 min left in epoch | rec 0.00086 lpips 0.0204 lr 1.00e-06
  step 83200 (1566/1666 this epoch) | 490 ms/step | ~1 min left in epoch | rec 0.00086 lpips 0.0204 lr 1.00e-06
  step 83300 (1666/1666 this epoch) | 490 ms/step | ~0 min left in epoch | rec 0.00086 lpips 0.0204 lr 1.00e-06
[vae_miniwan_womd] ep  50/50 train rec 0.000859 LPIPS 0.0204 KL 0.589 (816s) | val PSNR 31.201 LPIPS 0.0200 MSE 0.000830  *best*
latent stats from 4000 train clips (best weights): frame0 std 0.2818, rest std 0.3026
[vae_miniwan_womd] best (epoch 50) on all 4000 val clips: PSNR 31.330 LPIPS 0.0198 MSE 0.000810
DONE
